AM.up.only,AM.down.only,AM.up_MDM.up,AM.up_MDM.down,AM.down_MDM.up,AM.down_MDM.down,MDM.up.only,MDM.down.only
SLC7A2,PLXND1,NFYA,ANKIB1,EDC4,SARM1,DPM1,SCYL3
ST7,DLEC1,ENPP4,CASP10,SPI1,CAMKK1,FUCA2,GCLC
MSL3,METTL13,LAP3,AP5M1,SLC26A4,PDK4,CYP51A1,NIPAL3
CYTH3,ABHD5,CFLAR,CASP8,TRMT2A,DVL2,HS3ST1,RAD52
ETV7,CHDH,RBM5,MEF2A,ANKRD54,SPPL2B,M6PR,BAD
NUB1,SNAI2,CD38,AACS,NDUFAF5,REX1BD,SLC25A13,SNX11
PGM3,GLRX2,RECQL,OAS1,MON1B,RHOBTB2,HCCS,KLHL13
SLC30A9,PRSS8,CREBBP,SPTLC2,IL27RA,DYRK4,CIAPIN1,ICA1
RUNX3,NDC1,IBTK,TTC23,TWNK,IFFO1,ATOSB,ALS2
RNF19A,SPHK2,ZFX,BBC3,NAT9,PHF7,KMT2E,MTMR7
STAP1,MED29,AGK,BLVRA,NOP2,MKS1,TMEM132A,KDM1A
CNTLN,DLX3,IFRD1,CPEB3,DCLRE1B,RNF216,ZNF263,VPS50
GOPC,SPA17,CAMK1G,ENDOU,FLVCR2,TACC3,RALA,ZMYND10
ROS1,DHX29,SYPL1,NCOA7,CLPP,XYLT2,KDM7A,CALCR
RSF1,HYAL2,SPAG9,MAN2A1,OPA3,ZFP64,FARP2,SKAP2
MCF2L2,MAST4,CRY1,TIA1,STK35,MRE11,PAF1,RPAP3
FOXC1,HES2,RPS20,TASL,MRPS12,SPAST,CCDC124,CROT
TAB2,TCF3,CSDE1,RNF114,ILF3,DEF6,PAFAH1B1,MYCBP2
EIF2AK2,TRHDE,UBE3C,NAGK,DPH2,MIPEP,DNAJC11,ITGAL
CDK17,EXOSC7,STARD3NL,CNOT1,CHRM3,B4GALT7,SYN1,PDK2
PIGV,CAMSAP3,HIVEP2,RAP2A,URB2,SH3YL1,MGST1,GDE1
SFSWAP,UBE2D4,ELOA,CCDC93,PPP2R1B,VCL,ST3GAL1,OSBPL7
BLTP3A,MKNK1,APBA3,ARMCX1,CRTC3,RIPOR1,MMP25,MAP3K14
IDI1,RAPGEF3,PLAUR,SNX6,SLA,RTN4R,IL32,MAP3K9
SP100,ALG9,CLK1,VPS13B,TMEM69,PHF23,SEC62,ALDH3B1
TRAM1,MYO15A,MAMLD1,RNF138,DAPK3,INPP4A,RANBP9,VPS41
STOML1,ALKBH5,BID,DTNA,TBC1D10B,WDR37,BTBD7,ARHGAP44
IFI35,ANGPT2,ATP2C1,BRIP1,SNUPN,ATOSA,PTBP1,ARSD
CLEC2D,HECTD1,RUFY3,STX17,PWWP2A,NRIP2,WIZ,PIGQ
FGF10,SETD1A,PHLDB1,BLTP1,CAVIN4,MRPL43,QPCTL,E2F2
PABPC1,TIMM13,ERP44,TCF12,RSL1D1,FLYWCH1,ELOVL5,MASP2
TRIB2,POLRMT,BIRC3,SMAD4,NUDT4,TARBP1,MAP4K5,FAM76A
TMEM131,ZDHHC8,GCLM,IGFBP4,UBE2O,POLD1,PSMC4,MLXIPL
BAZ2A,CECR2,VIM,RERE,PUS1,DDX20,MVP,CD9
USP33,PPIL2,FAS,TOR1AIP1,BEND3,FOXJ2,GPRC5A,NCAPD2
FAM76B,PPM1F,SLAMF7,RNF217,FARSA,CACNB1,CD6,NISCH
POLD3,CYTH4,VEZT,ZMYM4,GEMIN4,TP53BP1,ZMYND11,FUZ
TULP3,NEFH,BMAL2,NSD3,CCDC137,RASSF1,MATR3,BTK
SP140,MCAT,UBA6,SERPINH1,BLOC1S4,PLEKHH3,SLC11A1,HFE
DDX43,POLR3H,GAB2,RABGAP1L,CSNK1E,KCNAB2,TTC27,LYPLA2
OPRK1,CERK,MAP2K3,MIA3,MTCP1,HDHD5,NCDN,CLCN6
GSK3B,CHGA,TBC1D23,ZNF618,MPV17L2,DGCR2,SERPINB1,MRC2
ULK2,CSTF1,NSUN2,ARHGAP27,TIFAB,ZXDC,RNF10,ANOS1
ZNF586,ANGPT4,PI4K2B,DBF4B,SMIM10L1,AP3M2,ZDHHC6,MBTD1
RAD54L,SYNDIG1,PSMA4,ZNF496,,VASH1,ALAS1,RABGAP1
CETP,RBFA,TNC,IFI16,,HLTF,SNAPC1,LDAF1
SIGLEC1,METRN,LCP2,PCF11,,EPN2,STRAP,CD22
LAG3,EEF2K,CTNNA1,TTC21A,,SLC24A1,PLEKHO1,CALCOCO1
P3H2,EARS2,ATP6V1H,HSPBAP1,,TIMM21,EHD2,UBR7
PABPC4,KAT8,ARAP2,LRRC8C,,REXO2,PHF20,EHD3
TEKT2,VPS18,SCML1,VCPIP1,,UNG,NR1H3,RWDD2A
WAC,ZFAND1,ZNF800,FAM91A1,,ACACB,TYMP,DNASE1L1
JAK2,KLHDC4,KITLG,ANXA2R,,APBB1IP,TOMM34,COX15
BCL2L13,SF3A2,VAMP3,GEN1,,JADE1,KPNA6,CCDC88C
TCF20,SNAPC2,PTGER3,INKA1,,PIAS2,CD44,WAS
RTCB,C19orf44,TNIP3,RSBN1L,,LIPE,PRKCH,GLT8D1
FBXO7,SLC1A5,FHIP1B,NHS,,SMARCA2,VRK2,RALBP1
APOL4,ODAD1,KIF1B,NPIPB15,,CPOX,TNFRSF1B,AGPS
APOL1,KLF1,RELT,CD2AP,,ZNF510,POU2F2,STEEP1
CDKL1,GTPBP10,CUL1,RCSD1,,PALB2,BRD9,ZNF582
SLA2,TBC1D13,TRAF1,PHACTR4,,PPIE,TBPL1,HGF
CSNK2A1,UNC5B,TRAF3IP2,AGAP9,,NOA1,BCLAF1,SAMD4A
TLDC2,CUL2,PRDM1,NPIPB5,,CAD,ARHGAP31,SLC45A4
METTL4,ZMIZ1,ATP11B,,,MGST2,ABCF2,GRAMD1B
SMCHD1,SMARCD2,PARP12,,,SNX5,TMSB10,RNH1
FMR1,TMEM104,MXD1,,,KDM2B,ADSS2,AKAP11
SMS,NECTIN1,SLC2A3,,,ZNF302,CUL3,DERA
EEA1,DDX55,PSD,,,CMTM1,MFAP3,UBR2
TNFSF13B,PTPN6,OGFR,,,SLC9A1,METTL1,CCDC28A
VWA8,FANCE,GPBP1,,,EFNB1,TRIO,RRAGD
TRADD,MAPK14,TAF2,,,TNRC6A,VCAN,RNASET2
SNX16,SAYSD1,GNAI3,,,TMEM101,ZFYVE16,BTN3A1
PLEKHA4,SOBP,KARS1,,,OSGEP,RAI14,SNX1
BET1,ARL6,TBC1D22B,,,CAPN3,PHLPP2,RABEP1
HBP1,UMPS,MTHFD2,,,AGO1,LSG1,IKZF2
SP4,PRKAG3,YBX1,,,CBX5,RIPOR3,RANBP3
ZC3HAV1,ID2,DIP2B,,,MSH2,AIFM2,PNPLA6
TAX1BP1,AMPD2,MSANTD3,,,PTGS1,TG,IFT88
CYP3A5,MECR,KLF6,,,TREM2,ADAM28,FUT8
GBF1,C1orf109,DNTTIP2,,,ZNF184,DCUN1D1,ATP6V0A1
DHX58,ERI3,ACSL4,,,TSPAN15,HSPA5,TIMP2
NDUFC1,RPS6KA1,RORA,,,MAST3,DSG2,RFC1
IL2,RCL1,MAPK6,,,MYO9B,YTHDC2,ZZZ3
HSPA8,IQSEC3,UFD1,,,MTAP,POLR2B,MAT2B
IL10RA,TMEM131L,DAPP1,,,RASSF7,MAP4,STAU2
AMBRA1,MTERF4,CDC42,,,KLHL22,NOP16,SPATA7
CD69,KBTBD4,NCK2,,,MFNG,TNFRSF9,RETSAT
PARP11,MOGAT1,MAP4K4,,,SRRD,LTBP1,JADE2
OAS3,SOX4,UBE2D1,,,DEPDC5,RCN1,PHKA2
OAS2,SLC25A19,PVR,,,CBY1,DKK3,CTPS2
HCFC2,GZF1,FERMT2,,,ZMAT5,NFE2L3,DTNBP1
GCNT2,MCM8,PTGS2,,,PNPLA3,BCAR1,C12orf4
SASH1,MRPS26,TSG101,,,SAMM50,RRP12,SNX29
C6orf62,S1PR4,SCARF1,,,TNRC6B,FNIP2,CELF2
EYA4,AAMP,LMAN1,,,POLE2,MRTO4,R3HDM1
EXOC2,MBD4,TUBE1,,,KIAA0586,THRAP3,PER3
TMEM30A,KRI1,SLC25A3,,,RIN3,OPN3,ARID1B
UBE3A,SIGLEC9,FNDC3B,,,ITPK1,NOP58,HEXB
KAT2B,ART1,PLD1,,,RPS6KA5,SZRD1,SLC4A8
FXR1,LBP,RAB7A,,,DIDO1,USP36,MAPK9
C3orf52,PPAN,MLH1,,,MROH8,ZFR,HERPUD1
PLSCR4,RARA,SPAG5,,,PXMP4,PKP2,HOMER3
EPB41L5,UBE2G1,TM9SF3,,,DHX35,GDI2,THOC3
STAT1,RBM38,NFKB2,,,UBL4A,USP13,PLEKHA5
SF3B1,AGAP3,UBE2A,,,ZNF629,CDK14,SIKE1
PRRX1,CRB1,EDN1,,,CTCF,SEC61A1,TTC17
SWT1,DAGLA,NRDC,,,COG4,PPP1R12A,FSTL4
PLA2G4A,WDR36,TP53INP2,,,PLA2G15,POLR3E,FOXN3
WARS2,KRT85,REXO1,,,MLYCD,ZC3H11A,ANAPC4
ZNF684,ZFHX2,KEAP1,,,NAGPA,DGKG,SDCCAG8
STAG1,TRMO,RIF1,,,CPPED1,ALDH18A1,HHAT
PLAGL1,ANP32B,RAB21,,,PYCARD,CTDP1,TBC1D22A
CCN2,POLR1E,PSEN1,,,MAZ,YBX3,PLEKHH1
CCNI,NUMA1,CLDND1,,,PPP1R37,CCAR1,KMT2C
PCDH17,SMAD6,CXCL2,,,ARHGEF18,GNA15,PUM2
PTBP3,WDR12,STK17B,,,LYL1,DGAT2,HPF1
INSL6,YARS2,CYLD,,,STX10,CS,PITHD1
IFNA8,JDP2,APLP2,,,PPP6R1,VMP1,MTA3
TENT4B,LMAN1L,NCOA1,,,DMAC2,U2AF2,RASGRF1
TNFSF10,KATNB1,RAB10,,,MEGF8,RNF4,CROCC
PIK3CA,ADAMTS18,SLC25A24,,,DBP,HIPK2,GATB
TMEM54,GCSH,RRN3,,,CRTC1,TNPO3,QSER1
HPCA,RHBDL3,DNAJA1,,,LSR,LPAR2,HDAC7
UBL3,RPRD1A,B4GALT1,,,SUGP1,SUGP2,PRDM6
HERPUD2,FEM1A,CHMP5,,,IQCE,CHI3L2,TNK2
NT5C3A,POGK,RBM22,,,CASP2,SBNO2,ZNF112
NMI,NECTIN4,PPP1R15A,,,TAF6,AP3D1,APPBP2
CKS2,ZNF687,PIR,,,IMPDH1,OAT,EIF4B
PI3,TAMM41,PDRG1,,,AGFG2,WDR3,SLC6A16
ZBP1,SLC25A38,GRAMD1A,,,CORO2A,NDUFB4,CA11
EFNB2,MTFR2,PAPOLA,,,TGFBR1,SPEN,AHRR
THOC2,INTS15,CCNK,,,AKNA,ZC3H15,MTMR1
PANK2,GCNA,ICAM1,,,ATE1,MAP2K4,ADCK1
RBCK1,HAUS6,LAMB1,,,LZTS2,GSTO2,HAGH
BMP2,FBXO10,DLD,,,SUFU,FAM107B,INTS13
MAX,SURF6,TXNL1,,,SH3PXD2A,PDE4A,TM7SF3
IFI6,REXO4,CMTM6,,,GIT1,ELAVL1,RFXANK
SGPP1,GTF3C5,HNRNPC,,,FBXL20,SMARCD1,SNX24
MACF1,MIGA2,TOX4,,,UBTF,GOLGA5,EYA2
GNAI1,DPH7,TINF2,,,PPP1R9B,LRRC40,SNCAIP
APOBEC3F,AASDHPPT,LRRFIP2,,,HDAC5,ISOC1,FAR2
CHN1,MPZL2,ARCN1,,,DPH1,PFKP,CALCRL
GADD45G,MRPL49,NUP188,,,PHF12,PKM,ANKS1A
BST2,OXSM,BTAF1,,,FOXRED1,RRP15,ZNF76
ZSWIM6,GPATCH11,CREM,,,NAA40,RHOA,NTHL1
HIP1R,RPP38,HIVEP1,,,MLEC,DHX8,PKN2
SHFL,UBALD1,SRPK1,,,ITFG2,CBFB,TRAM2
AKAP12,GRAP,BRPF3,,,ACAD10,HDAC4,ANKRD44
TTLL9,ADAMTS1,SH3GLB1,,,MDM1,TFE3,ASB1
TRIM5,TSEN2,PCSK5,,,HDDC2,GRIPAP1,SLC9A7
TRIM22,CXXC1,GADD45B,,,STK38,FTSJ1,KDM4A
CARD6,N6AMT1,MED15,,,ZBTB24,POLR1A,ZMYND12
XAF1,RWDD2B,OSM,,,CUTA,PPP2R5B,CLDN18
USPL1,CDK20,UPB1,,,BICRAL,VPS35,ATXN3
CCNA1,PSMG3,XBP1,,,PPP2R5D,DNAJA2,THUMPD1
EPSTI1,SKI,JOSD1,,,CNOT6,BCL3,STAG3
BMAL1,MED8,GTPBP1,,,MACROH2A1,ATP1B3,FECH
KIDINS220,ISL2,CYB5R3,,,OGG1,LRP6,EVI5
FST,TFF3,DESI1,,,PFKFB4,PHRF1,PDK3
CEP350,RRP1B,PSMC6,,,USP4,FGF22,PRR11
SP110,SLX9,PSMA3,,,NPRL2,FSTL3,LAPTM4A
SLC19A3,ZNF714,AHSA1,,,KLHL18,RNF126,TTC7A
WASHC4,DEDD2,HIF1A,,,HEMK1,JMJD6,SRBD1
IGF2BP3,LRRC14,SUSD6,,,ABCC5,CNGB1,IFT80
RTP4,COL26A1,PCNX1,,,KLHL24,CFAP20,NUP133
ZNF189,SH2B2,PSMA6,,,GTF3C2,CAMK2A,NUCKS1
GMPR,GRIN2C,NFKBIA,,,CLIP4,RPL31,SMG6
CMTR1,KLHL10,REC8,,,LOXL3,WDR1,POLB
NRM,SIGLEC16,SEC23A,,,PECR,ING3,TESK2
DDX60,POLR3K,TRPC4AP,,,MORN1,BUD23,OSBPL3
YAP1,COA7,CD40,,,CACYBP,SEL1L,RAD18
IFI44L,SLC1A7,PRELID3B,,,KIAA2013,DAZAP1,MGAT4A
IFI44,VANGL2,GMEB2,,,SSX2IP,FAM50A,RPS6KA2
FBXO11,C1orf74,CHMP4B,,,IPO13,ACTN1,CYBRD1
ITPRID2,CHCHD4,ANKRD12,,,DPH5,TFRC,ADGRL1
PARP9,WDR43,RBBP8,,,RCOR3,SREBF1,ZFYVE26
HERC6,RFT1,ATP11C,,,NSL1,MARK2,PTPN18
HERC5,METAP1,ELF4,,,STK11,CHFR,RHOBTB1
IL21,MON1A,SMARCA1,,,IRAG2,P4HA2,NFATC3
RAP1GDS1,WDR82,MAGT1,,,ARMC2,FBXW11,SIDT1
SHROOM3,PRMT9,RP2,,,LDAH,AP1M1,IRAG1
INTS12,SLC25A46,KLF5,,,FKBP15,PDE8A,XRCC1
CPNE8,ZNF12,DNAJC3,,,TRIM32,PICALM,SCARB1
NDUFA9,SLC29A4,DGKH,,,SLC46A2,NOTCH3,MCM2
NEDD1,FXN,ACOD1,,,IRF2BPL,CA12,ALPK1
RB1,ANKS6,LYRM1,,,DNMT3A,ENO1,SDHA
PIK3R5,DNAAF2,N4BP1,,,SLF2,ARHGEF10L,ABCB11
CACNA1A,AKR1E2,ARL2BP,,,GPAM,TIPIN,DHRS9
IFITM3,SNAPC4,AXIN1,,,CUTC,SRI,ST6GAL1
RPS11,PIP4P1,TAF1C,,,AVPI1,SEMA3A,FRY
AZIN2,TRUB1,ABCC1,,,KDM3B,SEMA3C,NSF
XPR1,ADAMTS15,SLC7A5,,,SORBS3,RASAL2,CLNS1A
TAF1A,TAF10,TRIP4,,,PDLIM2,FOSL2,DPP8
NAT8,TMPRSS5,TMEM87A,,,RNF170,FSCN1,HACD3
KANSL1L,AKTIP,GABPB1,,,RDH10,SART3,ZZEF1
RUBCN,SMG8,SLC30A4,,,AKAP1,TPD52,TXK
FEM1C,CORO6,BLOC1S6,,,SASH3,PAG1,EIF4G3
PHIP,GPD1,PDGFRL,,,ZNF205,GTF3C1,TTC38
RSPO3,GPT,RIPK2,,,RPAP2,IL4R,GRAMD4
IGFBP3,KLK1,NBN,,,PMS2,SIRT6,ZNF638
ATXN7L1,LTBP3,STK3,,,EEPD1,ACTN2,DLG1
TMEM140,ANKS3,IL7,,,POLM,GPR137B,SEC31B
GPC3,ING5,SPAG1,,,IFT81,CST7,ARHGAP15
MFHAS1,ZNF30,DCTN6,,,HVCN1,UBE2K,MCM6
POLR2K,ADAL,TNFRSF10A,,,ARHGAP9,GNB1,RBMS2
CDKN2B,LCMT2,PPP2CB,,,PLA2G12A,VDAC3,FMO4
TUT1,PUSL1,NFKBIB,,,PFKFB2,ITCH,SLC46A1
TEX30,ZNF778,RELB,,,MCEE,SDF4,GPATCH1
EXT2,PYM1,CCDC9,,,USP22,SLC1A3,CTTNBP2
KCTD14,TMC7,HPN,,,ZNF576,SAR1A,TOP2B
NEK7,TRIAP1,SCN1B,,,SIRT5,CDC14A,EXOSC5
SCLT1,TRMT61B,SMG9,,,H1-3,CIC,LRCH4
FHIP2A,ZNF439,TFPI2,,,PEX6,DDX1,MCCC1
MMAA,ZDHHC16,NAMPT,,,KLHDC3,CRYBG3,FAP
BAG3,CLP1,CBLL1,,,RREB1,COL5A3,PPP2R5C
GUCY1A2,PDP2,USP42,,,SH3TC1,SRCAP,MLLT10
TMEM123,TADA2B,SERPINE1,,,TMTC4,PUM3,ZCWPW1
MBNL1,CCDC96,EZH2,,,SLC25A35,OSTM1,PCM1
SCN3A,ESRRA,AHR,,,GGA3,PCNP,TNRC6C
FBXL2,MFSD4B,PSMA2,,,ARMC7,UBA5,CBFA2T2
CNKSR3,LRFN4,PRKAG2,,,NUP85,BZW1,TP73
SEMA3D,CEP19,FSD1L,,,MIF4GD,C5orf22,LXN
PPP2R5E,PHLDA3,TLE4,,,ATG4C,EPB41L3,TNS1
ABI3BP,SNAPC5,PLGRKT,,,MGME1,TNPO1,FDFT1
ABCA6,MSL2,KANK1,,,NECAB3,DIS3,OPHN1
C21orf91,PDIK1L,CREB3,,,TMEM53,RPS5,KIF22
USP43,CATSPER1,RIGI,,,TUBGCP3,YTHDC1,EPB41L2
USP25,POLD4,GLIS3,,,PDCD2L,SSH1,STX7
MOV10,LRRC25,BAG1,,,IRF3,WBP11,RABL2B
HYCC2,LIPT2,CCNJ,,,PRR12,EIF3I,SCTR
PABIR3,SLC35E3,CCSER2,,,FAM78A,TXLNA,RFX3
UBE2L6,PRR15,TNKS2,,,PPCS,GCKR,SESN1
TMEM171,FAM89B,LARP4B,,,DYRK2,CD82,EXD2
FZD1,FBXO46,GTPBP4,,,LRRC61,AK6,MEF2C
CACNA1D,WDR73,MAP3K8,,,ZNF835,PREP,DELE1
MX1,KCNA2,TASOR2,,,ZNF780B,SEH1L,SMARCD3
CCDC117,CASKIN2,XPNPEP1,,,MGAT3,WDFY1,WDR70
KALRN,C10orf71,UBE2S,,,TST,PILRA,FYB1
CHRNB2,IMP3,CSF3,,,OSGEPL1,AKR1B1,STRADB
RUSC1,TMPRSS9,KPNB1,,,HERC2,CTTN,FAM135A
RPL26,FAM220A,MED13,,,IVD,CHERP,COBLL1
NEXN,ZBTB7A,CCDC47,,,KNSTRN,POMGNT1,XPO1
DNAJB4,SNX18,DDX5,,,CLN6,DIMT1,RNF13
AIM2,RRS1,CYTH1,,,MIS18BP1,SNX10,DOP1A
ICOS,EDC3,PSMD11,,,KLF16,MRPL28,TUT7
PPM1K,PCARE,CCL2,,,MOSPD2,TMED2,PLOD1
HESX1,ZFPM1,CCL8,,,THEM6,ZFAND6,PDS5B
YEATS2,FAHD1,YWHAE,,,COLGALT1,ACOX3,ZNF671
RANBP3L,GAS1,NFKB1,,,TULP4,ACHE,ZNF264
STARD4,LRRC75A,UBE2D3,,,FCHO1,SRRT,REST
CASP3,MRPS23,TBC1D9,,,PGPEP1,ATXN7L3,AGBL5
DCBLD1,AMIGO1,DHX15,,,ZNF557,UIMC1,EFR3B
KIAA1958,TMEM252,RAPGEF2,,,UBAC1,OGFOD1,KIF3C
HECTD2,NGRN,KLHL5,,,CEP85,NOP14,HADHA
ARF6,SS18L1,FNBP4,,,TAF4,SF3B2,BCORL1
E2F7,TLCD2,EHD1,,,MED18,TFAP2C,ATRX
FRS2,KRT79,PPP6R3,,,ARHGEF9,RFX2,CPNE3
ARIH1,ZNF749,ST3GAL4,,,RAB11FIP4,METTL2A,MTIF2
ATF7IP2,NKRF,CHORDC1,,,HAUS8,CNOT3,EPS15
NEMP1,RPS19BP1,PANX1,,,KCNC3,GP6,USP40
PRRT2,CIDEC,PDHX,,,TRAF7,DDX18,NFX1
CACNB3,MAGEH1,SLC1A2,,,PEX11B,KHSRP,AQP6
IL12A,C17orf99,C11orf58,,,ZNF304,TGDS,EIF2AK1
PXDC1,PRR19,RPS13,,,ENOSF1,SMOX,FAT2
CXCL11,ALKBH2,NUP98,,,TIMM10B,NSFL1C,NLK
ADPRM,KAZN,SLC11A2,,,RAP1GAP2,XRN2,PIGS
NPAS2,ZFP92,RSRC2,,,RPA1,DYNLL1,ADD1
STAT2,VKORC1L1,CYP27B1,,,TBC1D14,P2RX7,L2HGDH
GPR37,SLC25A29,DUSP16,,,ZBED3,ESF1,TXNDC16
KRT19,ZNF682,KRR1,,,PIK3C2B,RPLP0,AAMDC
SRGAP2C,DLGAP2,RAB35,,,DSTYK,TRMT6,ALG6
MALT1,ZNF667,DSE,,,PRAM1,FUS,PTPN4
DCP2,ZNF770,RNGTT,,,PDE6B,GMIP,ATRN
PEAK1,MAN1A2,CD83,,,MORC2,DDX24,SLC4A11
BCLAF3,DDX42,CCNC,,,MEN1,NECAP1,DNAAF9
CNP,TUSC1,E2F3,,,CD180,DHX32,ZNF343
RNF213,TMEM184B,PHACTR2,,,PRPF38B,RGS1,MAVS
CBY2,RUNDC1,PHF1,,,PSRC1,STRN4,KIZ
CD34,PFDN6,VEGFA,,,CABLES1,IRAK3,TESC
TRAF6,OXLD1,PRPF4B,,,TUT4,MUL1,ANAPC5
APOF,MRPS18B,BTN2A1,,,USP30,DNAJB11,SLC23A2
CCDC168,SPINK9,ERBIN,,,FBXO21,GOLGA3,SLC8B1
PLEKHF2,SPIRE2,HMGCS1,,,TMEM243,PLEKHG2,DZANK1
CRLF3,TSN,FAF2,,,FHOD1,RBM27,SIRT4
RIMS2,CCDC183,SUB1,,,COG2,DTX2,KIF16B
BASP1,ERV3-1,TARS1,,,STX6,PUS7,ERP29
NECTIN3,ZBTB9,SKP1,,,KIAA1614,NRCAM,IGBP1
ZNF354B,ALG3,PPP2CA,,,CKAP2,MAP3K20,FXYD5
C3orf38,ARHGEF28,NR3C1,,,SETDB2,CDV3,ZBTB25
PXT1,NEURL4,C5orf15,,,TM6SF1,ZC3HC1,ARHGAP4
OAZ2,FAM174C,SEC24A,,,RSAD1,CMA1,LTBP4
C11orf71,PHGR1,SELENOK,,,CHAD,PPP2R3C,BLVRB
ARSJ,HGH1,KPNA1,,,TEX2,PHGDH,YPEL3
FKRP,FAM200B,XRN1,,,LIMD2,EZR,MRPS33
IST1,HYPK,PDCD10,,,KAT7,MYL6,MAEA
SYNM,PDCD6,WNT5A,,,XPA,DPYSL2,SPG21
AP1S2,ZNF718,GBE1,,,SLCO2B1,TMEM38B,CERS4
IFNL1,FDXACB1,EIF1B,,,ANKRD42,PSMD5,MCOLN1
MX2,INAFM2,IL1A,,,PLCB2,NANS,USP48
TUBA8,AARSD1,CCL20,,,DNASE2B,WHRN,PDPR
UBE2F,,SLC35F5,,,DBT,CWF19L1,GLG1
MAML2,NOL12,ACTR3,,,IFT172,BAMBI,EXOC1
AMER1,ZNF280B,GPD2,,,CALHM2,SMIM24,WDR7
RBM43,SRCIN1,PSMD14,,,GLCE,HSP90AB1,NLRP1
SP140L,MRM1,IFIH1,,,PPCDC,HNRNPH3,ESR1
ANKFY1,MSANTD7,GLS,,,FAM13A,TMED1,RGS17
IFIT1,,COQ10B,,,HADH,NRP1,HAUS4
TRIM69,,UXS1,,,PARVG,PSMD8,CEBPE
PLK5,,GORASP2,,,GAS2L3,CBARP,SLC7A8
AIDA,,RAB3GAP1,,,RITA1,HNRNPM,WDR76
POLR3C,,DLX2,,,GIT2,CEP170B,SNAP23
WDR86,,KYNU,,,TCHP,RANBP1,ECHDC1
TET3,,RND3,,,SUOX,CRKL,CDC23
TCEA1,,ATF2,,,ZNF740,DDTL,MAP3K1
AGRN,,NFE2L2,,,EFCAB11,TBC1D10A,HOOK2
RUFY4,,ERRFI1,,,SLC24A4,SF3A1,CRAT
CFAP54,,SRSF4,,,DISP2,GGT5,BLNK
UTS2B,,CAPZA1,,,TLE3,PES1,TMEM14A
PAX5,,RNF19B,,,ANP32A,GCAT,EFHC1
ZNF699,,SFPQ,,,HMG20A,MICALL1,IFT74
SPATS2L,,RHOU,,,ABHD2,DMC1,ABL1
ZNF107,,ARHGEF2,,,SEC11A,TOMM22,SYDE2
NTNG2,,DOCK7,,,DEF8,POLDIP3,WASHC2A
SRGAP2B,,FBXO6,,,NCOR1,SBF1,MZF1
FAM72A,,DNAJC6,,,SSH2,PACSIN2,STX1B
HSH2D,,SLC35D1,,,PRELID3A,HMGXB4,TECR
OR52K1,,SRSF11,,,ESCO1,TOM1,MKNK2
MVB12B,,ZBTB17,,,CCDC40,RPL3,SNAP29
KPNA5,,ADPRS,,,TMC6,MYH9,CABIN1
IFNA1,,RRAGC,,,CARD14,EIF3D,HIRA
MARCHF5,,RLF,,,CBX8,CSF2RB,SH3BP1
CAPZA2,,KMO,,,CEP131,EP300,HPS4
SGMS1,,AKT3,,,RETREG3,RANGAP1,PIK3IP1
SMIM9,,ETV3,,,SAMD1,ZC3H7B,CRYBB1
TRPC5OS,,CD48,,,NFIC,PHF5A,PICK1
MAFB,,UAP1,,,SIRT3,PRMT5,TTC28
BMPR2,,GBP3,,,DOP1B,AP4S1,SEPTIN3
PSMB8,,GBP1,,,MYO1F,GNPNAT1,DDX17
MICB,,PRPF3,,,RCN3,ATP6V1D,RASL10A
MICA,,BLZF1,,,PEX14,CCDC198,AP1B1
HLA-E,,PRRC2C,,,PRKACB,EIF5,THOC5
TRIM10,,STX12,,,MTF2,SLC8A3,MCM5
TRIM31,,DDX59,,,KCNA10,PSMC1,CBX7
NAT8B,,CAMSAP2,,,C1orf162,PPP4R3A,TXN2
SLFN12L,,ATP10B,,,PPOX,PSMB5,FOXRED2
SAMD9,,SPCS2,,,GABPB2,PABPN1,SGSM3
ITPRIPL2,,TNFAIP3,,,CREB3L4,CINP,KIAA0930
SFT2D2,,MYL12B,,,GATAD2B,PRORP,FAM118A
GBP7,,ELL2,,,NVL,PSME2,CHADL
STIMATE,,TJP2,,,ITPKB,PNN,KHNYN
C17orf67,,PPP6C,,,C1orf35,RAB5IF,SOS2
SMTNL1,,DLST,,,PSEN2,PFDN4,PYGL
HMSD,,RBM25,,,LBR,PSMA7,GSTZ1
PATL2,,TMEM214,,,CIAO1,SLCO4A1,ALKBH1
IFNA13,,OGFRL1,,,ANKMY1,NTSR1,CEP128
OR2I1P,,IFIT3,,,COPS7B,MRGBP,C14orf93
PRR20G,,IFIT2,,,RETREG2,EEF1A2,YY1
APOBEC3G,,GNA13,,,ABHD10,RNF24,ACIN1
,,DUSP1,,,OSBPL11,ARFRP1,DCAF11
PSMB9,,CD274,,,SLC26A1,TRIB3,GMPR2
RDH14,,TCP1,,,SETD7,CCM2L,PYGB
FBXW10B,,NUDCD1,,,CBR4,PLCB4,ABHD12
STON1,,MASTL,,,OTULINL,MYL9,GINS1
TICAM2,,UFM1,,,SKP2,HCK,NINL
CFB,,WBP4,,,PIK3R1,TM9SF4,UQCC1
,,ETF1,,,RNF44,POFUT1,NDRG3
CDK11B,,EGR1,,,C7orf50,KIF3B,ADNP
FOXD1,,SOCS2,,,TRAPPC14,NOP56,TPD52L2
CSNK2A3,,TNFRSF10B,,,TRIM4,MAPRE1,CDC25B
SMIM35,,PPP3CC,,,ZMYM3,RPRD1B,CDS2
,,TRIM25,,,TAF1,MAP1LC3A,CRNKL1
TRIL,,BCL2L14,,,DOK2,ADNP2,SAMHD1
CCDC194,,CD80,,,SNX30,USP14,CDK5RAP1
CD24,,ACVR2A,,,ALAD,VAPA,BPI
MUSTN1,,FYTTD1,,,POLE3,MYL12A,ASIP
,,RBBP6,,,MED22,SMAD7,AHCY
,,RPL5,,,CAMK2G,RIOK3,ACOT8
,,ZMIZ2,,,RPP30,VSIG1,APMAP
,,SEPTIN7,,,EIF4EBP2,XIAP,ZNF516
,,HNRNPA2B1,,,LRRC27,PIM2,LPIN2
,,INHBA,,,DGKZ,PQBP1,MYOM1
,,CCZ1,,,ATM,EMD,RNF125
,,CYREN,,,LSM14B,PGK1,RENBP
,,SRGN,,,NUDT22,CDK16,RBBP7
,,MED13L,,,PLCB3,USP11,RS1
,,RNF11,,,TMEM218,RBM3,CD99L2
,,ACOT9,,,PDCD4,GLA,PIN4
,,ADGRE5,,,MTMR12,SGCG,ARMCX3
,,OPTN,,,TMEM86A,KPNA3,CDADC1
,,NR4A1,,,NUBPL,KATNAL1,CAB39L
,,MORF4L2,,,ACAD8,INTS6,STK24
,,TNFAIP6,,,THYN1,TSC22D1,ACP5
,,LPGAT1,,,VPS26B,MGRN1,PARP4
,,BATF3,,,FLI1,NUP93,DHRS12
,,G0S2,,,GEMIN6,CCL17,HSF4
,,EXOSC9,,,ARL11,POLR2C,CORO1A
,,SDC4,,,HHEX,USB1,MAPK3
,,ZNFX1,,,ZNF117,CYB5B,GDPD3
,,NDP,,,MR1,PSMD7,PHKB
,,RIOK1,,,MERTK,VAC14,LONP2
,,DEK,,,CMTM7,USP10,PARD6A
,,EREG,,,ZDHHC7,UBE2I,ZNF821
,,IRF1,,,DISP1,CAPN15,SLC38A7
,,HS3ST3B1,,,PGM5,GSPT1,SMPD3
,,IL1B,,,CCSAP,STX4,SLC7A6OS
,,TNFSF9,,,XPC,BCKDK,SLC7A6
,,MED1,,,MPPE1,AQP9,ESRP2
,,SH2D3A,,,ACSS1,RPAP1,MPG
,,TRIP10,,,FBXL18,TJP1,NME4
,,RALY,,,AK9,DMXL2,CIAO3
,,PLAGL2,,,CDK19,EIF3J,MTHFSD
,,PSMB2,,,AGPAT5,TRPA1,CLCN7
,,CCR7,,,MMS19,BPNT2,HAGHL
,,SBDS,,,MARVELD1,POP1,UBFD1
,,UXT,,,HEATR3,GDAP1,GGA2
,,HSPA2,,,PPARGC1B,CCN4,RBL2
,,TRAF2,,,MIDEAS,NDRG1,QPRT
,,RAP1B,,,TYSND1,CHRAC1,XYLT1
,,UBR4,,,KAT6B,SH2D4A,TMC5
,,TICAM1,,,RAB11FIP1,SLC39A14,CCP110
,,HIP1,,,BAG4,GSR,VPS35L
,,ZFP36,,,PHKG2,TUSC3,CSK
,,ASPHD2,,,RPUSD3,KCTD9,HERC1
,,ADORA2A,,,C2CD2,KCNN4,CEP152
,,A4GALT,,,UBN2,GYS1,DTWD1
,,APOL3,,,SPPL3,CLPTM1,BMF
,,APOL2,,,WIPI2,TRMT1,SPG11
,,LIF,,,LDLRAP1,DMPK,SGK3
,,DOCK4,,,PAFAH2,TBC1D17,ZDHHC2
,,DNAJB9,,,DZIP1L,IL4I1,CA2
,,ARPP19,,,RNF166,YJU2B,FZD3
,,COPB1,,,TOMM40L,LILRB1,DECR1
,,PSMA1,,,M1AP,LILRA1,CALB1
,,FXR2,,,STARD9,MED26,NIPAL2
,,NGDN,,,ATP6V0D1,OLFM2,IKBKB
,,RHBDF2,,,AGRP,AKAP8,EMC2
,,SAT1,,,ZYX,SYDE1,ZC2HC1A
,,LDLR,,,ARHGAP35,PDCD5,TRPS1
,,NECTIN2,,,DFFA,RPS16,UBR5
,,SNX9,,,ZNF362,TIMM50,INTS10
,,AFDN,,,NR2F6,GPI,LEPROTL1
,,HELZ2,,,NDUFV3,EBI3,DHDH
,,ADRM1,,,GAB3,YJU2,MAP4K1
,,CLIP1,,,C21orf58,FSD1,TUBB4A
,,CASZ1,,,ST6GALNAC6,APLP1,LIN7B
,,UBA1,,,JAML,PLIN3,PEX11G
,,RBM39,,,NLRX1,CD79A,ERCC2
,,IDO1,,,NBEAL2,RPS19,VRK3
,,RFTN1,,,PWWP3A,ICAM5,ZNF419
,,NINJ1,,,ALKBH4,CDC37,CCNE1
,,SELENOS,,,NAPEPLD,GRWD1,DYRK1B
,,GCH1,,,THAP8,PLA2G4C,PRX
,,DNAJB1,,,TREML1,HAS1,PRKD2
,,ZSWIM4,,,TBC1D24,TNPO2,HNRNPUL1
,,TRIM21,,,AMDHD2,LENG1,CEACAM4
,,LRRC41,,,FLYWCH2,JAK3,SIGLEC8
,,SEC61G,,,DHRS3,RPL18A,NOP53
,,KDM6B,,,TMCO4,ELL,TYK2
,,ARHGEF11,,,HENMT1,PBX4,GRIN2D
,,OSER1,,,BPNT1,GSK3A,CLEC11A
,,AP3B1,,,ACP6,DNAJC2,CARD8
,,SPART,,,MRPL55,POLR1F,RAB3D
,,BTG1,,,TRIM17,ITGB8,CAPS
,,KRAS,,,CLHC1,MTPN,BCAT2
,,IMPA1,,,FBXO41,PALS2,MIER2
,,CCDC59,,,COQ8A,ADAP1,GCDH
,,AMPD3,,,RPRD2,CAV2,MAST1
,,IER3IP1,,,DHX57,MET,ARRDC2
,,IRAK2,,,TRIM46,SSBP1,RAB3A
,,ARL8B,,,TMEM79,STX1A,MAG
,,EDEM1,,,NUAK2,GARS1,HAMP
,,RSAD2,,,RPP14,CHCHD2,USF2
,,CMPK2,,,ABHD6,CCL24,ERF
,,IL6ST,,,RNF168,PDAP1,SIPA1L3
,,CDC73,,,ZNF589,BUD31,ZNF85
,,RBM17,,,TEX264,EIF3B,PIK3CG
,,IL2RA,,,PPM1M,AIMP2,WDR91
,,IL15RA,,,CEP44,FSCN3,DNAH11
,,STK26,,,PRIMPOL,RBM28,HOXA1
,,PIWIL4,,,DAGLB,C1GALT1,HIBADH
,,GNL2,,,CDCA7L,MRPL32,CHN2
,,PDGFRA,,,CDK5,TMEM248,ABHD11
,,TMED7,,,FOXK1,BCL7B,EPHB6
,,CEMIP2,,,MID1IP1,CLIP2,ZKSCAN1
,,OASL,,,ATP7A,EIF4H,MOSPD3
,,TRAFD1,,,ARHGAP12,PTGR1,AP1S1
,,PNPLA8,,,KBTBD6,NCS1,RPA3
,,TES,,,NUDT5,FUBP3,CLDN15
,,AKIRIN2,,,NSD1,EDF1,GLCCI1
,,MAP3K7,,,TSC1,RAPGEF1,TMEM106B
,,ESPL1,,,ISCA2,ABHD17B,SFRP4
,,STX11,,,CLMN,EXOSC3,ANKMY2
,,EGR4,,,RPUSD2,ZFAND5,GIMAP2
,,DYNC1LI2,,,POLL,DVL1,NMRK1
,,NIBAN1,,,COX11,PDLIM1,TMEM245
,,RC3H1,,,TRIM66,DDX50,PRUNE2
,,CKAP4,,,HDGFL3,MAPK8,TRIM14
,,DRAM1,,,CENPV,BCCIP,C5
,,SLC41A2,,,BLCAP,GLRX3,ASPN
,,PHF11,,,ZNF592,RPL28,ECM2
,,RAC1,,,YPEL4,PPIF,DOCK8
,,HUS1,,,CIAO2A,PSMD3,TESK1
,,MYO1G,,,CLPX,CASC3,APBA1
,,TRA2B,,,CNPY4,CAMTA2,SETX
,,TANK,,,TEF,ENO3,ABCA2
,,SKIL,,,FBXO22,PFN1,HPS1
,,RPS6KC1,,,RNF214,RASD1,VSIR
,,ABI1,,,DUS2,CHRNE,SFXN3
,,YME1L1,,,POP5,C1QBP,ANKRD26
,,TXN,,,ENGASE,GOSR1,ACBD5
,,ECPAS,,,ZNF23,FTSJ3,NEURL1
,,TOR1B,,,ZNF641,CCL7,SMC3
,,KLF4,,,ZNF701,MLX,CCDC6
,,DERL1,,,NCKAP5L,COL1A1,CCNY
,,TMEM63B,,,ZNF526,LRRC59,DNAJC12
,,TJAP1,,,ZNF283,SMURF2,RUNDC3A
,,TUBB2A,,,YIF1B,DUSP3,MTMR4
,,RIPK1,,,PSCA,EFTUD2,CDK5RAP3
,,FLOT1,,,WDR81,HLF,CBX1
,,IER3,,,ZNF232,SLC16A6,BLMH
,,RNF144B,,,TMC8,FAM20A,AKAP10
,,CPEB2,,,SAC3D1,TNFAIP1,C17orf75
,,TLR2,,,NUDT16L1,SUPT6H,KAT2A
,,TGS1,,,PDHB,TMEM33,NAGLU
,,CASP1,,,H1-4,SLAIN2,ABI3
,,CASP5,,,ACOX2,LAMTOR3,EZH1
,,KYAT3,,,CDC40,AREG,VAT1
,,GTF2B,,,ING2,MAPK10,LUC7L3
,,SELENOI,,,CDKN2AIP,KLHL2,MMD
,,PNPT1,,,SNRNP48,RPL34,MAP2K6
,,RAB1A,,,TMEM223,GRPEL1,SLC9A3R1
,,CH25H,,,ABHD15,TRIM2,CDR2L
,,DUSP5,,,TMEM129,STIM2,USP46
,,ANXA7,,,SIGLEC7,UGDH,MANBA
,,ADAMTS14,,,UPF3A,ZPR1,ELF2
,,STAT4,,,KCNAB1,DTX4,ZNF330
,,SSB,,,INO80E,CCND1,GAB1
,,NAB1,,,DFFB,CCDC86,WFS1
,,OLA1,,,LRRC45,EIF4G2,CLCN3
,,ITGAV,,,ZNF32,SLC35F2,SEPSECS
,,SECISBP2L,,,BRD3,HPS5,SLC2A9
,,RASGEF1B,,,ZNF768,KCTD10,KLF3
,,SEC31A,,,TMEM42,CAMKK2,PPARGC1A
,,USO1,,,TMEM192,ATP5F1B,CCDC34
,,SEC24B,,,SIK2,METAP2,ELP4
,,SLC39A8,,,FAXDC2,SH2B3,CRTAM
,,RNF185,,,MGMT,NAA25,VWA5A
,,TMTC3,,,MSANTD4,GTF2H3,DNAJC4
,,TDG,,,NUDT6,VDR,MS4A6A
,,NUP58,,,SOCS5,TBC1D30,MS4A4A
,,GPR84,,,TRIM8,GAPDH,CPT1A
,,BRCA2,,,ZNF440,BLTP3B,FOLR1
,,ABHD13,,,CHD7,TPI1,DDX6
,,TMX1,,,ZNF524,ENO2,CBL
,,WARS1,,,ZNF561,ATN1,FBXO3
,,HDC,,,GPR34,C12orf57,COMMD9
,,DNAJA4,,,LRRC34,GOLT1B,ACCS
,,TLNRD1,,,PWWP2B,CMAS,PTPMT1
,,ARRDC4,,,ZNF570,RWDD1,C11orf21
,,PML,,,ZNF554,PAK1IP1,AIP
,,HAPLN3,,,ORMDL3,CEP85L,NDUFS8
,,RHCG,,,MOB3A,PPARD,CHKA
,,POLG,,,MBOAT1,OPRM1,VWF
,,IQGAP1,,,POP7,KCTD20,CLEC2B
,,ARMC5,,,IL16,SRSF3,COQ5
,,DHX38,,,FUT10,PHACTR1,SELPLG
,,NLRC5,,,LRRC20,MDGA1,CAPRIN2
,,SS18,,,RARG,BACH2,MVK
,,RMC1,,,ANKRD13D,TREML2,LTA4H
,,PMAIP1,,,GRK2,ZNF451,SLC6A12
,,RPL11,,,FAM222B,CRYBG1,WNT5B
,,BCL10,,,ARV1,VNN1,GPN3
,,RPS8,,,SWSAP1,HBS1L,RAD51AP1
,,MOB3C,,,TLR6,PERP,CUX2
,,CD53,,,CYB561D1,SLC16A10,SCNN1A
,,GPR161,,,ZBTB4,BYSL,EIF2B1
,,TIPRL,,,ZHX3,SRF,ADGRD1
,,COP1,,,PELI3,COX7A2,TIMELESS
,,ABL2,,,B4GAT1,CLIC5,CHD4
,,RGL1,,,FBXW8,FBRSL1,ING4
,,MCL1,,,TBC1D10C,HSPA9,CHPT1
,,PI4KB,,,PAAF1,HBEGF,C2CD5
,,PIP5K1A,,,ERCC4,ARSB,BTN3A3
,,DYRK3,,,CCDC85B,ARRDC3,FRK
,,TP53BP2,,,ZNF77,NPR3,SMIM8
,,RIT1,,,MLXIP,PDE4D,ASF1A
,,ARF1,,,ZNF169,TRAPPC13,TPD52L1
,,ARL8A,,,ORAI3,RARS1,HINT3
,,SNRPG,,,UNC119B,TCERG1,CILK1
,,RALB,,,TPRN,CSNK1A1,FBXO9
,,RAB5A,,,CRYBG2,HMGXB3,FBXL4
,,EAF1,,,ZSCAN2,ERGIC1,MED23
,,CSRNP1,,,HSD11B2,CPEB4,GPLD1
,,NFKBIZ,,,LPCAT4,BCL6,ALDH5A1
,,PHLDB2,,,SGF29,COL7A1,SMAP1
,,EIF2A,,,CCDC121,PRKAR2A,GMNN
,,NAF1,,,B3GNT8,HES1,FIG4
,,RNF175,,,CHD9,USP9Y,HECA
,,BTF3,,,GATD1,RPL24,EPM2A
,,TSLP,,,DNAJC28,IFT57,TFEB
,,TNFAIP8,,,FAM20C,NCBP2,GUCA1B
,,YIPF5,,,BOLA1,SNX4,MRPL2
,,TNIP1,,,SH2B1,PLXNA1,CUL9
,,N4BP3,,,PRSS36,ATP6V1A,SLC29A1
,,PPP1R18,,,SLC25A20,RRP9,TENT5A
,,NFKBIE,,,MAF,EIF4G1,NUDT12
,,PNRC1,,,RPP25,EEF1B2,C7
,,DYNLT1,,,MPI,ADAM23,BRD8
,,WTAP,,,ZNF852,KANSL3,NNT
,,CREB5,,,ELMOD2,NCL,IK
,,TLK2,,,PIPOX,STEAP3,RNF130
,,TMEM47,,,GPBAR1,FNDC4,MSH3
,,DIAPH2,,,TSHZ1,PPM1G,CCNG1
,,RPL10,,,TIGD2,RPS15,FAM172A
,,ATP6V1B2,,,ZNF571,RTN4,LNPEP
,,LRP12,,,ZNF594,CCT4,PRLR
,,C9orf72,,,PSMG4,TXNDC9,RAD50
,,UGCG,,,ZNF443,MOB4,ST8SIA4
,,SURF4,,,ZNF792,IL1RL1,GNPDA1
,,MINDY3,,,D2HGDH,IL18R1,PPWD1
,,ADM,,,METTL23,ODC1,TRIM23
,,EIF3M,,,ZNF707,NOL10,EHHADH
,,PTPRJ,,,FRAT2,PLEKHB2,SMC4
,,CELF1,,,TMEM102,CEBPZ,CRBN
,,CCDC82,,,RAP2B,QPCT,PCCB
,,RPS3,,,SGSH,DARS1,TFDP2
,,ZC3H12C,,,TNRC18,SRSF7,HYAL1
,,CDC42EP2,,,FES,PNO1,BBX
,,ARID5B,,,PTGDR2,ARID3A,GNB4
,,SAP18,,,GDPGP1,PLEKHA3,FRMD4B
,,FAM124A,,,ZNF623,FARSB,ABTB1
,,IL18,,,CCDC125,FAM20B,NEK11
,,SEC24D,,,MEX3B,LRRC42,MAPKAPK3
,,UBC,,,COA5,RPL22,ACVR2B
,,SLC7A11,,,TANGO2,STXBP3,WDR48
,,NOCT,,,TRMT12,EDEM3,GORASP1
,,TMEM263,,,AIFM3,C1orf21,ABHD14B
,,TWF1,,,TBX1,MAD2L2,NKTR
,,FAM177A1,,,NIPSNAP1,IVNS1ABP,NEK4
,,KIN,,,PGP,SMG7,LMAN2L
,,ASAP2,,,HDDC3,PRDM2,RTKN
,,ADAM17,,,ZNF93,RGS2,FAHD2A
,,ACSL1,,,APOBR,BCAS2,TFCP2L1
,,SAV1,,,ZBTB7C,CD58,MPV17
,,EPG5,,,MUC6,KIF21B,ITGA4
,,PSTPIP2,,,PURA,MAP7D1,ASB3
,,C18orf25,,,SIGIRR,EXOC8,GCG
,,USP12,,,ZNF445,NID1,APC2
,,CCDC50,,,PGBD2,SLAMF1,TTC31
,,TRIM36,,,ZNF74,RPF1,PCGF1
,,PELO,,,ZBTB37,KLHL12,SPTBN1
,,IFIT5,,,ZSWIM9,ZNHIT6,HTRA2
,,SRP19,,,SP1,ECE1,ELMOD3
,,CAST,,,SNAI3,SLC2A1,GGCX
,,HNRNPU,,,GNB1L,EBNA1BP2,EHBP1
,,AHCTF1,,,EVI2B,ATP6V0B,ST3GAL5
,,NR4A2,,,ZNF566,PRDX1,KDM3A
,,ASAP1,,,FFAR4,SLC19A2,MLPH
,,UBP1,,,PPP1CC,NSUN4,STK16
,,TRIP12,,,ZNF555,TMED5,SOS1
,,MCOLN2,,,BACE1,DR1,WIPF1
,,CHD1,,,ZNF75D,HSD11B1,ORC4
,,HS3ST3A1,,,SPATA12,UTP25,THADA
,,NUS1,,,ZNF396,PPP1R8,AAK1
,,TNIK,,,SMYD4,RPS25,TRAK2
,,GBP5,,,ZNF397,ATF6,PCYOX1
,,SRSF12,,,ZSCAN30,MREG,EPAS1
,,BTG3,,,RNF220,FASTKD2,RALGPS2
,,PPP4R1,,,NHLRC1,ANKRD13C,TCEANC2
,,SLC25A28,,,ZKSCAN4,MYB,RAP1A
,,SAMSN1,,,VMAC,FBXL5,S100PBP
,,MIER3,,,TMEM203,RXYLT1,CRYZ
,,NUP205,,,CARD9,ZNF430,TFAP2E
,,PXYLP1,,,ZFP69B,PKD2,TMEM9
,,PSD3,,,SOWAHD,RAB3GAP2,OSCP1
,,WHAMM,,,H1-2,KLF9,MTR
,,USP16,,,EIF4EBP1,SENP5,BMP8B
,,BACH1,,,ZFTRAF1,C1orf198,MYCL
,,EEF1A1,,,ZNF490,HEATR1,RIMS3
,,ZFAND3,,,RAB42,RAD23B,ACADM
,,FBRS,,,C3orf62,CTNNAL1,PADI2
,,MFSD14A,,,ZNF559,SET,KIF17
,,ETS2,,,IER5L,RBM18,HMGCL
,,PALM2AKAP2,,,DUSP28,NR4A3,PTCH2
,,BRAF,,,UROS,ALG2,PIK3R3
,,DUSP2,,,ADAT2,AREL1,ABCD3
,,B4GALT5,,,ZNF567,EIF2B2,SLC35A3
,,PPP1R15B,,,ZNF573,BCL11A,STMN1
,,GPAT4,,,ZKSCAN3,SMNDC1,MAN1C1
,,IFNGR2,,,FAM53B,PANK3,CENPF
,,LAD1,,,ZNF250,MOB3B,SLC5A9
,,RCAN1,,,FAM217B,MTHFD1L,OSBPL9
,,UBE2Z,,,ZNF471,PCMT1,A4GNT
,,MORC3,,,ZNF836,CYSTM1,KMT2A
,,ADPGK,,,NIF3L1,WDR55,CREB1
,,PSMB4,,,ZBTB44,SLC25A2,PHF3
,,HK2,,,ASB13,TNFSF18,AKAP7
,,RSPRY1,,,ZNF34,ENY2,RAB32
,,LSS,,,SULT1A1,ALG5,SGK1
,,CACFD1,,,BORCS6,TGFBI,RNF146
,,SLC2A6,,,ZNF700,FAM53C,PMFBP1
,,SIK3,,,NOP9,ARL1,MFSD1
,,SHC1,,,ZNF138,DUSP4,UBN1
,,ADAR,,,ARRDC1,UBIAD1,HS1BP3
,,DVL3,,,TBC1D9B,PYROXD1,WDR35
,,SAP30BP,,,UAP1L1,PSPC1,SATB2
,,FMNL3,,,ZNF786,RNF2,CCDC92
,,NXF1,,,RPE,POPDC2,PTPA
,,USP24,,,H4C16,B4GALT4,CNTRL
,,GMEB1,,,INKA2,NAA50,FBXW2
,,FUBP1,,,ZNF790,DESI2,HSDL2
,,GBP4,,,MBP,CRY2,INVS
,,NLRP3,,,ZNF84,PEX16,GALNT12
,,IER5,,,ZNF544,GJB6,FCF1
,,C1orf115,,,ZNF485,GJA3,IFI27L2
,,REL,,,ZNF813,GTDC1,NEK9
,,SGPP2,,,ZNF69,RPL21,ACYP1
,,PDLIM5,,,SLC9A6,OCRL,ACOT2
,,MSX1,,,LDB1,KIAA1191,TTLL5
,,HIPK1,,,CIPC,ZC3H7A,ABCD4
,,RYBP,,,MAP3K3,ARL4A,ZC2HC1C
,,PPP4R2,,,SYS1,GLIPR2,ALDH6A1
,,TIPARP,,,COL15A1,ACO1,CNRIP1
,,CCNL1,,,AGPAT1,PHF24,CRIPT
,,PTX3,,,FKBPL,KIAA1549,SLC17A5
,,SLMAP,,,EHMT2,PLAU,MXI1
,,CXCL3,,,GPANK1,CHST3,DENND10
,,CXCL1,,,ZNF616,BICC1,KCNIP2
,,DTX3L,,,ZBTB48,P4HA1,GOT1
,,ZC3H12A,,,LGR4,VPS26A,HOXB3
,,SNIP1,,,MAP10,RBM19,NUP43
,,ANXA5,,,GIMAP1,RASSF8,CCDC170
,,IL15,,,COG8,BHLHE41,MRPS14
,,ICE1,,,NDUFS3,DDX39A,KCNJ5
,,OTUD4,,,LTB4R,TRIR,TP53AIP1
,,ELOVL7,,,LTB4R2,ITIH5,PLXDC2
,,ANKRD33B,,,DNASE1,TSFM,SMAD9
,,RICTOR,,,ZNF891,MMP19,KBTBD7
,,CSF2,,,PRCD,ATG101,MYOT
,,CGAS,,,ZSWIM7,EEF1AKMT3,PLS1
,,STK17A,,,RTL10,B9D2,NR2C1
,,BMT2,,,CYB5RL,AGO2,WASHC3
,,HEY1,,,NBPF1,TTPAL,PTK2B
,,TAGAP,,,ZNF717,VAPB,COPS5
,,LMTK2,,,ZNF688,ATP5F1E,SPOP
,,RAD21,,,,SRSF6,FAM117A
,,MED30,,,H2BC15,RAB22A,NCAPH
,,OSGIN2,,,ZNF736,SNAI1,TRIM6
,,OSR2,,,JRK,PMEPA1,ADCY7
,,GEM,,,BRD3OS,DDX27,CEP89
,,UBAP1,,,PPP1R3E,MTRR,ECHDC2
,,ABCA1,,,ZNF737,SNRNP27,ZSCAN18
,,NFIL3,,,PPIL3,MPHOSPH10,LHX4
,,HNRNPK,,,HLA-DMB,IL17C,TRMT1L
,,HDX,,,EFNA4,LYPD3,DEPDC7
,,VCP,,,CEBPA,RRP36,CAT
,,OTUD1,,,UBAP1L,XPO5,ZMYM2
,,GHITM,,,BCKDHA,RPS10,ZCCHC17
,,FRMD7,,,TRMT9B,MAD2L1BP,POLR3GL
,,C12orf50,,,HMBS,TREM1,TMIGD3
,,CASP7,,,POLG2,SLC35B3,ZRANB3
,,TTC7B,,,ZNF253,ATXN1,CD244
,,ARL5B,,,HOXB7,CXCL6,LY9
,,ABTB2,,,ZNF865,WNT1,HS3ST2
,,CKB,,,ZNF234,MT1G,SERAC1
,,COPS2,,,SRSF8,MT2A,TRMT13
,,RNF169,,,,DMAC2L,LRRC39
,,TMEM41B,,,NATD1,PTGER2,BBS9
,,NDST2,,,H4C6,NT5C,KLHL7
,,NDEL1,,,ZNF2,DDX31,WIPF3
,,B2M,,,PRAG1,INSIG2,TRIM24
,,AP1G1,,,RIMBP3,CD70,ACADS
,,SLFN5,,,PIP4K2B,C3,CDKN2C
,,TMEM170A,,,,GPR108,CCDC91
,,TERF2IP,,,,FOSB,WWP1
,,PATL1,,,,SNRPD2,GIPC1
,,C15orf48,,,,RTN2,NCKAP1L
,,NKX3-1,,,,VASP,PDE1B
,,CRK,,,,SYMPK,LRP1
,,CDK12,,,,GPCPD1,SMUG1
,,NFKBID,,,,DTD1,ATPAF1
,,EEF2,,,,SNRPB,RAB9A
,,TMEM88,,,,RRBP1,BAZ2B
,,SRP68,,,,DSTN,SLC36A1
,,FTH1,,,,SNRPB2,MXD4
,,CTNNB1,,,,DYNLRB1,OBSL1
,,BATF2,,,,EIF2S2,FAM124B
,,UBTD2,,,,KDM5C,SLC12A4
,,NKIRAS2,,,,TMEM115,ENKD1
,,XIRP1,,,,KLC1,FAM210B
,,TAP1,,,,PCID2,FAM209A
,,MLKL,,,,RBM42,CHD6
,,RHOH,,,,UBA2,PLCG1
,,POLR3D,,,,SCAF1,IQSEC2
,,IL7R,,,,NSRP1,PAIP2B
,,TET2,,,,EMG1,ATP8A1
,,TNIP2,,,,CFP,USP9X
,,XPO6,,,,ELK1,F13A1
,,CXCL10,,,,INTS11,TRERF1
,,CXCL8,,,,IPPK,SERPINB6
,,CLIC4,,,,RAB3IP,OARD1
,,GPR183,,,,FGFRL1,MEA1
,,ZEB2,,,,FBXL12,BBS2
,,HINT1,,,,EMC1,PHAF1
,,APLF,,,,ADGRE2,CLYBL
,,UGP2,,,,SLC35E1,TM9SF2
,,TRIM56,,,,OR7C1,OPRL1
,,SYAP1,,,,SYNGR3,PSPN
,,MYO7B,,,,SMARCA4,ALKBH7
,,UBE2E1,,,,METTL16,AP5S1
,,USP47,,,,PNKD,ZNF133
,,UBB,,,,TNFRSF19,SIRPD
,,RALGAPB,,,,RNF6,ZNF436
,,PFKFB3,,,,SEM1,HECTD3
,,SERPINB9,,,,PTPN12,XRCC3
,,KIF5B,,,,STEAP4,IGFLR1
,,AKAP13,,,,PAICS,KRT36
,,KBTBD2,,,,DGCR8,THRA
,,MFN1,,,,ATF4,TSKS
,,JUNB,,,,GALR3,FLRT1
,,CANT1,,,,APOBEC3A,AHDC1
,,WIPF2,,,,VGF,ZNF384
,,PTGER4,,,,STRIP2,ATG14
,,TBCA,,,,FLNC,DLGAP5
,,IFNB1,,,,MYO1B,RHOT1
,,RPS21,,,,HAT1,EVI2A
,,EIF2AK3,,,,CHAC1,OMG
,,ISG20,,,,SPCS3,NUP214
,,BPGM,,,,DCTD,ZC4H2
,,GTPBP2,,,,MPDU1,FGD3
,,ZNF24,,,,PHF20L1,ABHD8
,,RASGRP1,,,,CCNT1,TRPV5
,,ZNG1A,,,,CDKN2D,TMEM175
,,OXSR1,,,,BCL2L2,HP1BP3
,,RELA,,,,DAD1,SIN3B
,,NOC3L,,,,FGF13,CHTF18
,,PARP14,,,,DOHH,FGL2
,,TRIB1,,,,SH3BP4,PEX1
,,OLR1,,,,ANGPTL8,SRD5A3
,,THAP2,,,,TOMM40,TUBGCP6
,,MOB1B,,,,RPL36,TPST2
,,PSMD1,,,,DDA1,MPST
,,PLK3,,,,ACTN4,SPECC1
,,UBXN2A,,,,JUND,POT1
,,RALGAPA1,,,,CAMSAP1,LSM8
,,LIG4,,,,ZBTB46,IFT22
,,ATP2A2,,,,LAMA5,CCDC136
,,DENND4A,,,,UBE2M,IRF5
,,FAM241A,,,,ATG4D,KLHDC10
,,DHX36,,,,SESN2,SNRPN
,,MCTP1,,,,THEMIS2,ARHGAP22
,,CLCF1,,,,ZNF317,WDFY4
,,FOSL1,,,,EIF3G,EIF2AK4
,,CSTF3,,,,DKC1,TTBK2
,,YES1,,,,PLXNA3,VPS13C
,,TMEM39A,,,,ZNF331,SERGEF
,,SLCO3A1,,,,NOL11,DNAAF11
,,B3GNT5,,,,LILRB2,SLC44A2
,,WSB2,,,,AAR2,MTUS1
,,ANKLE2,,,,ATP6V1E1,RIPK3
,,GCNT4,,,,EMC8,PARP2
,,RPS6KA3,,,,CHMP1A,HEATR5A
,,KCNA3,,,,COX7B,TEP1
,,SAMD9L,,,,PRR7,QRICH2
,,OR2B11,,,,NFATC1,SEC14L1
,,UBE2N,,,,RLIM,ARHGEF6
,,ARL6IP6,,,,TRAF3,ABHD17A
,,PDE4DIP,,,,SH3BP5,GAMT
,,PLEKHM3,,,,SLC6A6,PUDP
,,ERN1,,,,PDLIM4,ERMARD
,,NSUN3,,,,PSME3,ECSIT
,,MSC,,,,RPL27,TSPAN16
,,TAF7,,,,AOC2,ATP8B3
,,RAB39A,,,,DIAPH1,GTPBP3
,,CLK3,,,,UBE2D2,SLC27A1
,,PNPLA1,,,,THOC6,RSPH3
,,MB21D2,,,,CHSY1,ACSBG2
,,SLC36A4,,,,SNRPA1,SSBP4
,,PITPNB,,,,ACTR10,IQCN
,,NQO1,,,,DHX30,LSM4
,,DDX60L,,,,EMILIN2,SAMD10
,,YIPF6,,,,ARFIP2,PNPLA7
,,COPG1,,,,ILKAP,OSBPL2
,,IBA57,,,,PER2,EIF2S3
,,EXT1,,,,RAN,ATP5IF1
,,NPLOC4,,,,PRKAA1,CCDC62
,,LIMK2,,,,CLUH,ANGPTL6
,,ADI1,,,,MYBBP1A,DNMT1
,,HCAR2,,,,LANCL2,ZNF236
,,SRPRA,,,,UTP3,LRP3
,,EWSR1,,,,WBP2,UBE4B
,,DAZAP2,,,,EIF5A,SYNE1
,,GPR132,,,,NIP7,GGT7
,,TBK1,,,,VPS4A,GINS2
,,KREMEN1,,,,NXT1,ABCB7
,,DENND5A,,,,POLR3F,TBC1D5
,,PPP1R2,,,,DAP3,MGAT1
,,DUSP8,,,,IGHMBP2,NDFIP1
,,SOCS3,,,,POMP,EXOC4
,,PDE4B,,,,MPRIP,WDR44
,,SNN,,,,CHI3L1,FMO5
,,APOO,,,,FAM104A,ZNF132
,,USP18,,,,SRRM1,RHPN2
,,TMEM106A,,,,WDR74,FAAP24
,,CA13,,,,CEP20,ABHD12B
,,TNFAIP2,,,,MED10,BRME1
,,PRPF39,,,,ATP13A3,NUP210
,,UBALD2,,,,LYVE1,HSD17B7
,,SOCS1,,,,RRAS2,INPP5K
,,HGS,,,,TEX15,SERPINF1
,,IRF7,,,,NUMB,EEFSEC
,,P4HB,,,,MED6,TRIM47
,,UBE2L3,,,,EIF2S1,CLEC10A
,,IFITM1,,,,ADAMDEC1,GUCY2D
,,LAMP1,,,,MBD2,DLG4
,,LRCH3,,,,CDK7,RIDA
,,KPNA4,,,,BHLHE40,PCBD2
,,INSIG1,,,,EMC7,FLOT2
,,KATNA1,,,,GSTM3,PRMT7
,,ZDHHC17,,,,LAMTOR5,MTSS2
,,FNBP1,,,,NAPG,PCNA
,,USP7,,,,YWHAQ,PTPRA
,,ISG15,,,,ROCK2,SYT11
,,SEMA4D,,,,LDHA,PPP1R3D
,,TREML4,,,,TIMM17A,PDE6A
,,NCR3LG1,,,,RPS15A,COG6
,,DCUN1D3,,,,MYBPC3,GPALPP1
,,HES4,,,,ACP2,STARD13
,,PLSCR1,,,,RTL8C,EPHB2
,,DYNLT4,,,,RBMX2,BTBD2
,,CHM,,,,BTF3L4,SLF1
,,SRSF10,,,,SLC43A3,PDZD2
,,ZDHHC9,,,,TIMM10,LARGE1
,,MTF1,,,,DHX34,GIMAP6
,,PNRC2,,,,TMEM165,ADCK2
,,TDRD7,,,,ETS1,MKRN1
,,STK40,,,,UBQLN1,KRBA1
,,LCOR,,,,ANXA1,IPO8
,,CD55,,,,CTSL,SWAP70
,,FUT4,,,,ADAM19,HSD17B4
,,ZNF140,,,,TAOK3,ERG28
,,TSC22D2,,,,HILPDA,DGLUCY
,,YRDC,,,,SYNCRIP,ADAM20
,,PRPF40A,,,,SNX14,PEBP4
,,TCF4,,,,NAT10,CTIF
,,NF1,,,,EHF,MRO
,,COL27A1,,,,CAPRIN1,CAMK1
,,STRN3,,,,DNAJC14,SORT1
,,PPTC7,,,,TESPA1,WNT2B
,,SCN8A,,,,CDK4,PTGFRN
,,LAMB3,,,,KRT7,NOTCH2
,,FAM3C,,,,HNRNPA1,CEPT1
,,GMFB,,,,ACVR1B,SPIRE1
,,DYNC1H1,,,,LTV1,NAV1
,,PGAP1,,,,SMPD2,TMEM241
,,SRC,,,,REPS1,DOCK2
,,ACSL5,,,,MDM2,AGO4
,,PSMD12,,,,MPHOSPH6,ELP2
,,GTF2E2,,,,EGLN1,FADS2
,,IL27,,,,TAF5L,GGACT
,,LRP10,,,,DHX9,BIVM
,,PELI1,,,,TTLL4,ERCC5
,,TOPORS,,,,WNT10A,TPP2
,,CDC42SE1,,,,TMBIM1,SLC37A2
,,SERPINB2,,,,EIF4E2,NREP
,,SLC9A8,,,,PWP1,OSTF1
,,SGTB,,,,VILL,HAVCR2
,,RPS4X,,,,FLNB,HRK
,,LPAR1,,,,TNS3,CCDC146
,,PIM3,,,,BZW2,TMEM60
,,GFPT1,,,,TBRG4,SRPK2
,,ITSN2,,,,DDX56,MDFIC
,,BAZ1A,,,,ABHD17C,MTO1
,,SMURF1,,,,IREB2,ANKRD6
,,MT-ND2,,,,MRPL47,CEP162
,,ZNF277,,,,HLX,ORC3
,,FICD,,,,IL10,LCA5
,,OSTC,,,,IL1RN,PRR5L
,,SMC5,,,,IL36RN,LMO2
,,MT-ND1,,,,IMP4,PRRG4
,,GDI1,,,,CDK9,ATP5MC2
,,RPA4,,,,ODF2,PAN2
,,DAXX,,,,TOR1A,AFG1L
,,BRD2,,,,NIBAN2,MICAL1
,,TAP2,,,,TMOD1,PRADC1
,,HSPA1B,,,,PRPF4,CCDC142
,,HSPA1A,,,,FPGS,KCNMB4
,,BAG6,,,,ATP6V1G1,KLHL36
,,ABCF1,,,,TEX10,KIAA0513
,,MZT1,,,,MRPL50,FBXL8
,,ZBTB10,,,,DPM2,NTPCR
,,RAB12,,,,PSMB7,RNASEL
,,NUP62,,,,RABEPK,NPL
,,NRAS,,,,RPL35,PIGC
,,CHUK,,,,ARPC5L,DOCK10
,,RBMXL1,,,,ENPP2,ARMC9
,,IRF9,,,,MYC,CAB39
,,LYRM4,,,,PLAA,TSGA10
,,ZSWIM8,,,,APTX,TGFBRAP1
,,PPP2R2A,,,,ALDH1B1,GCC2
,,APOL6,,,,RPS6,GPR45
,,BTBD19,,,,PPIL1,ARHGEF4
,,TMEM185B,,,,PIM1,ISCU
,,TAPBP,,,,IRF4,PLXNC1
,,TNF,,,,ATAT1,APPL2
,,TRIM26,,,,LRRC32,NEK3
,,C5orf58,,,,SLCO5A1,RNASEH2B
,,FAM133B,,,,BUD13,CNMD
,,CCDC200,,,,DCUN1D5,TBC1D4
,,ARFGAP3,,,,RDX,RCBTB1
,,LYN,,,,SQOR,RCBTB2
,,HCAR3,,,,THBS1,CHST12
,,CUX1,,,,HAUS2,ZDHHC4
,,RBM8A,,,,RTF1,CIDEB
,,RASSF5,,,,PARP6,TTC5
,,SRXN1,,,,RSL24D1,ACTL6A
,,CCL5,,,,BCAR3,NDUFB5
,,DCP1A,,,,RABGGTB,VPS45
,,CWC25,,,,GIPC2,KCTD3
,,EPOP,,,,ACTR1A,SAP130
,,MLLT6,,,,MYOF,BIN1
,,CCL4,,,,AOX1,STAM
,,CCL15,,,,CIR1,C9orf78
,,CCL4L2,,,,COX17,SMC2
,,CCL14,,,,INTS14,RALGPS1
,,MARCKS,,,,ARHGAP24,DAB2IP
,,CCL3,,,,HNRNPD,STXBP1
,,SCYGR4,,,,G3BP2,SLC2A8
,,,,,,SEPTIN11,TLR4
,,,,,,GUCD1,GARNL3
,,,,,,SHISAL1,RNF38
,,,,,,ETV6,SIT1
,,,,,,KIF21A,SPAG8
,,,,,,SINHCAF,GRHPR
,,,,,,AEBP2,DENND4C
,,,,,,C1RL,CNPY3
,,,,,,LLPH,KLC4
,,,,,,PHLDA1,ZSCAN9
,,,,,,DUSP6,YIPF3
,,,,,,SNRPF,FRS3
,,,,,,GLTP,LRRC1
,,,,,,MTMR6,UQCC2
,,,,,,SLC7A1,PGBD1
,,,,,,CERS5,TAF8
,,,,,,TMBIM6,FAM8A1
,,,,,,ANKRD52,FHDC1
,,,,,,SBNO1,MYO7A
,,,,,,RHOF,NEK1
,,,,,,CUL4A,SLC37A4
,,,,,,WDR89,FXYD6
,,,,,,NIPA2,ALKBH8
,,,,,,BNIP2,MAP2K5
,,,,,,GTF2A2,ITGA11
,,,,,,BCL2A1,ITPKA
,,,,,,TSPAN3,UACA
,,,,,,PIF1,ZNF280D
,,,,,,MCTP2,GCOM1
,,,,,,PMM2,HADHB
,,,,,,KIFC3,DYNC2LI1
,,,,,,RPS2,ATRAID
,,,,,,UTP4,MFSD13A
,,,,,,NOB1,ARL3
,,,,,,TAF4B,KIF20B
,,,,,,AFG3L2,ENTPD1
,,,,,,NPC1,EXOC6
,,,,,,ARHGDIA,DBR1
,,,,,,SLC16A3,DNAJC13
,,,,,,TTYH2,FAM149B1
,,,,,,EIF4A3,CARF
,,,,,,WDR45B,IDH1
,,,,,,BRD4,SLC40A1
,,,,,,VAV1,SLC35A5
,,,,,,DUS3L,SLC49A4
,,,,,,IFNAR1,SENP7
,,,,,,SIK1,MNS1
,,,,,,SCYL1,PARP16
,,,,,,URB1,UBL7
,,,,,,IL19,ZGRF1
,,,,,,EMP3,AP1AR
,,,,,,SLC6A3,BMP2K
,,,,,,ZNF787,SCARB2
,,,,,,CARM1,CCNG2
,,,,,,ZNF614,CNOT6L
,,,,,,EPHA2,CENPE
,,,,,,EFHD2,GSTCD
,,,,,,PGD,CASP6
,,,,,,GPN2,PPP3CA
,,,,,,PTPRF,FBN2
,,,,,,IGSF3,MAPK8IP3
,,,,,,ZNF697,RGS3
,,,,,,STRIP1,ETFBKMT
,,,,,,PSMA5,ETNK1
,,,,,,UCK2,TMEM117
,,,,,,TMCO1,KLRG1
,,,,,,FCGR2A,SLC38A4
,,,,,,PFDN2,SCAF11
,,,,,,PRCC,TMEM19
,,,,,,CASQ1,AMDHD1
,,,,,,ISG20L2,SYCP3
,,,,,,HDGF,MMAB
,,,,,,RGS16,SLC46A3
,,,,,,SF3B4,SMARCC2
,,,,,,ATP8B2,MAP3K12
,,,,,,RAB13,LMBR1L
,,,,,,S100A8,ESYT1
,,,,,,TPM3,WDFY2
,,,,,,SLC39A1,LPAR6
,,,,,,HAX1,ESD
,,,,,,ILF2,SETD1B
,,,,,,C1orf131,MBNL2
,,,,,,CEP170,PELI2
,,,,,,SDE2,SLC38A6
,,,,,,DEGS1,RDH12
,,,,,,FBXO28,DCAF5
,,,,,,CNIH4,SORD
,,,,,,GUK1,BAHD1
,,,,,,PPFIA4,PSTPIP1
,,,,,,PDIA6,NCOA2
,,,,,,EML4,NEIL1
,,,,,,RPS27A,TPM1
,,,,,,MEIS1,IGF1R
,,,,,,MRPS5,BBS4
,,,,,,C1QL2,LINS1
,,,,,,SLC20A1,ULK3
,,,,,,POLR2D,SCAMP2
,,,,,,AMMECR1L,FANCI
,,,,,,ACKR3,ZNF710
,,,,,,CNOT9,PARN
,,,,,,GOLGA4,FTO
,,,,,,IQSEC1,CDR2
,,,,,,RPL32,ARHGAP17
,,,,,,TMF1,ZFHX3
,,,,,,PLA1A,NUDT7
,,,,,,RABL3,NDUFB10
,,,,,,ADPRH,RANBP10
,,,,,,SRPRB,DPEP3
,,,,,,DCAF1,C17orf80
,,,,,,MANF,TOB1
,,,,,,EIF2B5,NPEPPS
,,,,,,FIP1L1,SCRN2
,,,,,,LYAR,ABCA8
,,,,,,TRMT10A,BCAS3
,,,,,,USP53,IMPA2
,,,,,,RPS3A,GAREM1
,,,,,,LHFPL2,OSBPL1A
,,,,,,BDP1,ARRB2
,,,,,,RNF145,RAB40B
,,,,,,G3BP1,TBCD
,,,,,,BOD1,FN3KRP
,,,,,,TBC1D7,NARF
,,,,,,RARS2,CBX4
,,,,,,ARMT1,TNFRSF11A
,,,,,,GNA12,FBXO15
,,,,,,CCZ1B,P3H4
,,,,,,PURB,MVB12A
,,,,,,POMZP3,SH3GL1
,,,,,,CCT6A,TMEM91
,,,,,,TMEM209,ZFP14
,,,,,,NOM1,TRPM2
,,,,,,LUC7L2,ADAMTS10
,,,,,,MSN,ACP4
,,,,,,CHST7,SLC2A5
,,,,,,SNX12,FHAD1
,,,,,,IL2RG,KIAA0319L
,,,,,,SLC25A37,MAP3K6
,,,,,,CHMP7,WDTC1
,,,,,,GOLGA7,CELSR2
,,,,,,PLPP5,POU2F1
,,,,,,RPL7,SDHC
,,,,,,MTDH,METTL25B
,,,,,,ZCCHC7,PIGM
,,,,,,MFSD14B,LYPLAL1
,,,,,,ZNF462,PRUNE1
,,,,,,STOM,SNX27
,,,,,,SURF2,SETDB1
,,,,,,SLC25A25,MINDY1
,,,,,,PTGES,ANXA9
,,,,,,GPR107,SEMA6C
,,,,,,PDSS1,ARNT
,,,,,,DNAJB12,POGZ
,,,,,,GSTO1,OAZ3
,,,,,,PPRC1,HORMAD1
,,,,,,ITPRIP,GOLPH3L
,,,,,,PDCD11,SMYD2
,,,,,,LIN7C,SNAPIN
,,,,,,HYOU1,UBAP2L
,,,,,,TKFC,INTS3
,,,,,,MTA2,GALNT2
,,,,,,EML3,TTC13
,,,,,,CPSF7,PARP1
,,,,,,EI24,SOX13
,,,,,,FEZ1,HNRNPLL
,,,,,,YTHDF1,GALM
,,,,,,FERMT3,CAMKMT
,,,,,,FAU,CALM2
,,,,,,ALDOA,WDPCP
,,,,,,CCT5,VPS54
,,,,,,DIXDC1,SNRNP200
,,,,,,TIMM8B,EXOC6B
,,,,,,PTS,NPHP1
,,,,,,CRIM1,LIPT1
,,,,,,RILPL2,FAHD2B
,,,,,,NOPCHAP1,PKP4
,,,,,,ABTB3,METTL21A
,,,,,,IPMK,UNC80
,,,,,,EIF4E,SUMF1
,,,,,,SRFBP1,CPNE9
,,,,,,CDC123,CTDSP1
,,,,,,WWC2,POMGNT2
,,,,,,SACS,GASK1A
,,,,,,AP1S3,CTDSPL
,,,,,,PDK1,LIMD1
,,,,,,HOMER1,SLIT2
,,,,,,XRCC4,DGKQ
,,,,,,NMT2,CENPC
,,,,,,SLC30A6,ATP10D
,,,,,,SAR1B,SNCA
,,,,,,PRDM8,TBCK
,,,,,,HNRNPDL,DDIT4L
,,,,,,PLOD2,SPATA5
,,,,,,SREK1IP1,METTL14
,,,,,,CDYL,PDGFC
,,,,,,TXNDC11,CYP4V2
,,,,,,BMP6,SRD5A1
,,,,,,CYRIB,SSBP2
,,,,,,INO80C,IQGAP2
,,,,,,LPCAT1,CRHBP
,,,,,,CD8A,RASA1
,,,,,,RPIA,FBXL17
,,,,,,PTPRD,DDX46
,,,,,,CMIP,CDKAL1
,,,,,,PID1,KLHL3
,,,,,,TOMM70,PRIM2
,,,,,,CEP112,FGD2
,,,,,,GAL3ST2,IRAK1BP1
,,,,,,TRIM11,ARHGAP18
,,,,,,BUB3,SLC18B1
,,,,,,ELOC,GIGYF1
,,,,,,L3MBTL4,NCAPG2
,,,,,,PDE1C,ZNF41
,,,,,,RABGEF1,OGT
,,,,,,MRPL39,DOCK11
,,,,,,DPH3,MCPH1
,,,,,,ANKRD40,TACC1
,,,,,,VOPP1,ADHFE1
,,,,,,KLF10,LACTB2
,,,,,,AZIN1,ZNF7
,,,,,,ATP6V1C1,NAPRT
,,,,,,OTUD6B,UHRF2
,,,,,,TTC39B,CEP78
,,,,,,ZFYVE27,AUH
,,,,,,C16orf87,ASTN2
,,,,,,SLC16A1,WDR31
,,,,,,NIFK,LRSAM1
,,,,,,PIK3AP1,NOTCH1
,,,,,,FZD7,NACC2
,,,,,,SLC26A2,MSRB2
,,,,,,MED7,ST8SIA6
,,,,,,RRAGA,ADD3
,,,,,,RASA2,PAOX
,,,,,,BATF,TAF5
,,,,,,CCT8,CNNM2
,,,,,,RPGR,RGS10
,,,,,,PTDSS1,SLC43A1
,,,,,,RPL30,CSTPP1
,,,,,,SUPV3L1,INTS4
,,,,,,PABIR2,PAK1
,,,,,,HK1,NPAT
,,,,,,ZDHHC5,ST14
,,,,,,MED19,FADS1
,,,,,,NPTN,INCENP
,,,,,,UTP14A,CCDC15
,,,,,,TATDN2,SIDT2
,,,,,,SEC13,TAGLN
,,,,,,LRP8,DSN1
,,,,,,STEAP2,TM7SF2
,,,,,,MMP14,VPS51
,,,,,,ST3GAL2,TBX6
,,,,,,KIT,DOC2A
,,,,,,ERG,HIRIP3
,,,,,,FMNL2,TMEM219
,,,,,,PANK4,TMCO3
,,,,,,RER1,TIRAP
,,,,,,BABAM2,KIAA1328
,,,,,,EYA3,MIA2
,,,,,,RNF207,WDR17
,,,,,,AUTS2,CCDC102B
,,,,,,EIF5B,RGS18
,,,,,,CNOT11,PIP4K2A
,,,,,,TSPAN33,FOXO1
,,,,,,SPATA2,MAT1A
,,,,,,ZC3H18,SLC2A13
,,,,,,TMED4,DIP2C
,,,,,,TAGLN2,AKAP6
,,,,,,NBL1,MBIP
,,,,,,SPATA2L,NDUFC2
,,,,,,ZNF276,ME3
,,,,,,ADAMTS4,FER
,,,,,,APOA2,VIPAS39
,,,,,,CCAR2,ANKRD50
,,,,,,CACHD1,UPF2
,,,,,,RAPGEF6,FRMD4A
,,,,,,FBXW5,PTPRO
,,,,,,IFNAR2,EPS8
,,,,,,SNF8,TEX9
,,,,,,RUNX1,NR3C2
,,,,,,ADIPOR1,ANKAR
,,,,,,PSMD4,CENPU
,,,,,,TCHH,NBAS
,,,,,,NAE1,PARP8
,,,,,,PTGIR,MGAT5
,,,,,,ATAD3B,ARL14EP
,,,,,,UBE2J2,HAUS1
,,,,,,VMA21,PDE3B
,,,,,,CILP2,SH2D6
,,,,,,SLC37A1,FAM151B
,,,,,,WDR4,TADA1
,,,,,,G6PD,CWF19L2
,,,,,,RRP1,DCLRE1C
,,,,,,TRAPPC10,ZNF837
,,,,,,RALGDS,ZFP36L2
,,,,,,VAV2,PFKM
,,,,,,MCM3AP,SPEF2
,,,,,,ZNF208,NADK2
,,,,,,GPSM1,GPD1L
,,,,,,BRSK1,RASGRP3
,,,,,,TAOK1,DNAI4
,,,,,,MED27,PANK1
,,,,,,CHTOP,UTRN
,,,,,,CXCR5,MED21
,,,,,,UBE2Q1,STK32B
,,,,,,SLC25A44,CENPH
,,,,,,LMNA,CARHSP1
,,,,,,CCR5,DAB2
,,,,,,UBQLN4,RASSF3
,,,,,,GPATCH4,TMEM87B
,,,,,,FCRL3,SLC25A27
,,,,,,ZNF333,NMRAL1
,,,,,,ORAI2,CFDP1
,,,,,,SQSTM1,C7orf31
,,,,,,RPL8,HS2ST1
,,,,,,LRWD1,GDPD1
,,,,,,PSMC2,SDHAF4
,,,,,,ABCF3,TBCEL
,,,,,,SRSF2,ANKH
,,,,,,LSM12,OTULIN
,,,,,,TAMALIN,CERS3
,,,,,,RAVER1,PRKCA
,,,,,,CXCL16,LRRK1
,,,,,,SENP3,NEIL2
,,,,,,EIF4A1,OBSCN
,,,,,,RPL29,LY96
,,,,,,SYVN1,NCAM2
,,,,,,CMPK1,SLFN13
,,,,,,BEND5,FGD5
,,,,,,MAGOH,PLCL2
,,,,,,NOL9,CYP2U1
,,,,,,KLHL21,PTPRN2
,,,,,,AK4,PI4K2A
,,,,,,PDPN,TRIM74
,,,,,,PEF1,OXA1L
,,,,,,TTLL10,C9orf85
,,,,,,FAM102B,OTOA
,,,,,,ZNF326,FLACC1
,,,,,,ZNF281,DEPTOR
,,,,,,PEA15,RNF20
,,,,,,PM20D1,ELMO1
,,,,,,MAPKAPK2,LSM11
,,,,,,FCAMR,ADK
,,,,,,CAPN2,KCNMA1
,,,,,,MAIP1,DCK
,,,,,,NUP35,DPY19L4
,,,,,,H3-3A,DRAM2
,,,,,,SGCB,SFXN2
,,,,,,C1QTNF7,PHF6
,,,,,,RNF149,AIFM1
,,,,,,IWS1,TBC1D31
,,,,,,CDC42EP3,NTAQ1
,,,,,,S100A11,ATAD2
,,,,,,BMP10,ZNF689
,,,,,,S100A9,FRRS1
,,,,,,S100A12,VPS8
,,,,,,TGFA,GALK2
,,,,,,YY1AP1,BRPF1
,,,,,,KBTBD8,NTAN1
,,,,,,TAFA4,FCHO2
,,,,,,ATP1A1,SSBP3
,,,,,,ARPC2,SUSD3
,,,,,,CCT3,FCSK
,,,,,,SSR2,DHRS1
,,,,,,RNF25,CACNA2D3
,,,,,,CWC22,RNF111
,,,,,,EIF5A2,CCNB2
,,,,,,RPL22L1,MYO1E
,,,,,,NEPRO,APPL1
,,,,,,PSMD6,TSC22D3
,,,,,,RPL9,TMEM164
,,,,,,U2SURP,SLC38A10
,,,,,,MTMR14,TMEM268
,,,,,,CXCL5,WDR19
,,,,,,PPBP,AP3S2
,,,,,,MTHFD2L,TNFRSF14
,,,,,,CPA3,UBXN11
,,,,,,SMIM12,TPRG1L
,,,,,,SENP2,XKR8
,,,,,,PRKCD,FANCC
,,,,,,GNL3,WASF2
,,,,,,SLBP,ABHD3
,,,,,,S100P,CUL4B
,,,,,,AIMP1,H2BC5
,,,,,,SGMS2,H4C8
,,,,,,SLC9B2,AHCYL2
,,,,,,NAA15,CD1D
,,,,,,ANAPC10,ZFAND2B
,,,,,,ABCE1,GDPD5
,,,,,,NDUFAF2,COPG2
,,,,,,SERINC5,CDA
,,,,,,UBLCP1,PINK1
,,,,,,UTP15,NDUFS2
,,,,,,KCNK5,SYNJ1
,,,,,,STEAP1,MRPL10
,,,,,,MIOS,CSRP1
,,,,,,DLC1,CCDC24
,,,,,,TMUB1,CBR1
,,,,,,COX6C,ALDH4A1
,,,,,,YWHAZ,CHCHD6
,,,,,,BAALC,TPPP3
,,,,,,FZD6,ZDHHC1
,,,,,,SLC25A32,C16orf86
,,,,,,FAM219A,FAM131B
,,,,,,SVEP1,RGS12
,,,,,,PIGA,PSKH1
,,,,,,CARD19,ABR
,,,,,,NOL6,CALM3
,,,,,,WRN,FNDC5
,,,,,,GJB2,ZNF66
,,,,,,RPL36AL,PCNT
,,,,,,DEPP1,DIP2A
,,,,,,PRPF18,PRMT2
,,,,,,VSTM4,ADAMTS13
,,,,,,VDAC2,ZNF761
,,,,,,QSOX2,PIERCE1
,,,,,,FAM204A,ZER1
,,,,,,AK8,ZDHHC12
,,,,,,DDX21,SPTBN4
,,,,,,BMS1,MPZL3
,,,,,,FUNDC2,SAFB
,,,,,,NSMF,ZBTB7B
,,,,,,PPP1R36,ENTREP3
,,,,,,SLC39A13,TONSL
,,,,,,MOAP1,BDH1
,,,,,,TAF1D,ZNF382
,,,,,,R3HCC1L,PGAP3
,,,,,,LRTM2,FDXR
,,,,,,BRD7,ZNF577
,,,,,,TRMT61A,TMEM143
,,,,,,API5,SIGLEC11
,,,,,,ZNF319,ZNF385A
,,,,,,NOLC1,SHANK1
,,,,,,CCT2,PLCD3
,,,,,,CYYR1,RACGAP1
,,,,,,CUL5,SCIMP
,,,,,,CYB5A,SNRNP25
,,,,,,IDH3A,CCDC78
,,,,,,CDYL2,CCNF
,,,,,,ATMIN,PAQR4
,,,,,,LEO1,ZNF75A
,,,,,,MAPK7,NEU3
,,,,,,CLEC4E,ASRGL1
,,,,,,CLEC4D,SLC25A45
,,,,,,SEC11C,RPS6KA4
,,,,,,CIAO2B,LRP5
,,,,,,MMP10,ACOT11
,,,,,,TVP23A,FAM151A
,,,,,,PPIB,LZIC
,,,,,,ANPEP,RBP7
,,,,,,DCTN5,FBLIM1
,,,,,,MARS1,SLC25A34
,,,,,,PDIA3,SDC3
,,,,,,MEI1,RBBP4
,,,,,,SNRPD1,NFIA
,,,,,,DOLPP1,OMA1
,,,,,,TPM4,DNAI3
,,,,,,MIDN,AGL
,,,,,,TUBA1C,EXTL2
,,,,,,ZNF146,NCSTN
,,,,,,NXN,SLAMF6
,,,,,,TLCD3A,SNED1
,,,,,,SLC43A2,BROX
,,,,,,TSR1,KIF26B
,,,,,,ZNF598,PPP1R21
,,,,,,E4F1,OXER1
,,,,,,SRRM2,HAAO
,,,,,,DDB1,B3GALNT2
,,,,,,VPS37C,WDR26
,,,,,,BEST1,PUS10
,,,,,,SLC3A2,DISC1
,,,,,,RPSA,MEMO1
,,,,,,SF1,SLC66A3
,,,,,,PBK,ARL5A
,,,,,,PAFAH1B2,DUSP19
,,,,,,MAPK1IP1L,SMC6
,,,,,,DDIT4,BBS5
,,,,,,RBPJ,STPG2
,,,,,,PTGDR,PACRGL
,,,,,,GLYCTK,PGLYRP4
,,,,,,GNG4,ARHGAP25
,,,,,,COA6,DCAF16
,,,,,,PXK,PAQR3
,,,,,,FILIP1L,ABRAXAS1
,,,,,,RFWD3,GPR155
,,,,,,ATXN2L,PMVK
,,,,,,SLC20A2,PBXIP1
,,,,,,STAT3,SLC22A15
,,,,,,TMEM208,SLC15A2
,,,,,,DNAJC21,TGFBR2
,,,,,,ATOH8,GLB1L
,,,,,,LETM1,SGO2
,,,,,,UQCRFS1,MNDA
,,,,,,MAP2K1,PYHIN1
,,,,,,HNRNPH1,PPM1L
,,,,,,MECP2,ICA1L
,,,,,,ASMTL,CD200R1
,,,,,,FAM110B,SPICE1
,,,,,,ATF5,SMIM14
,,,,,,MN1,DNASE1L3
,,,,,,APEX2,HPS3
,,,,,,RAB24,PLB1
,,,,,,PRELID1,ZDHHC3
,,,,,,ARL13B,LZTFL1
,,,,,,SDC2,FYCO1
,,,,,,MMGT1,ZNF148
,,,,,,RAMAC,NMNAT3
,,,,,,SPNS1,ZMYM6
,,,,,,FASN,HEYL
,,,,,,HNRNPF,ARHGEF3
,,,,,,ROBO1,UBXN7
,,,,,,AVEN,ABLIM2
,,,,,,CTNND2,EXO5
,,,,,,TM4SF1,ERMAP
,,,,,,YWHAG,BDH2
,,,,,,FOXD4,PGRMC2
,,,,,,HNRNPA3,SHISA5
,,,,,,USP38,INTU
,,,,,,PDCD6IP,ABHD18
,,,,,,CMTM8,SCRG1
,,,,,,FOS,TMEM144
,,,,,,TCAF2,ARFIP1
,,,,,,HARS1,MOCS2
,,,,,,RIOX1,CCDC112
,,,,,,PA2G4,CMBL
,,,,,,CDCA4,ARSK
,,,,,,CHCHD7,ENPP6
,,,,,,USP32,CFAP97
,,,,,,RIOX2,TENT2
,,,,,,RPS9,TLR3
,,,,,,CEACAM3,CCDC127
,,,,,,LRRC8E,SHROOM1
,,,,,,FPR1,CITED2
,,,,,,JAGN1,PDSS2
,,,,,,RBKS,GALNT10
,,,,,,GRIK1,SAP30L
,,,,,,TMEM126A,COG5
,,,,,,NETO2,CAMLG
,,,,,,LRG1,RELL2
,,,,,,CHST11,SYTL3
,,,,,,MRPL36,ZNF704
,,,,,,POLR1C,BRI3
,,,,,,PPID,SPIDR
,,,,,,BCL2L1,OXR1
,,,,,,PLRG1,TP53INP1
,,,,,,SLC25A33,INTS8
,,,,,,SPSB1,WASHC5
,,,,,,P2RY6,SNAPC3
,,,,,,CAMTA1,NUDT2
,,,,,,SPATA5L1,PSIP1
,,,,,,SLFNL1,CCDC171
,,,,,,BCL2,SYK
,,,,,,CTPS1,TMEM71
,,,,,,EXOSC10,GKAP1
,,,,,,RPS7,KIF27
,,,,,,RNASEH1,METTL27
,,,,,,TVP23B,ASB11
,,,,,,SYNPO,OR1K1
,,,,,,SMN1,TRMT10B
,,,,,,CYCS,INTS6L
,,,,,,CEBPB,SPTSSA
,,,,,,TPSAB1,MARCHF8
,,,,,,PAIP1,TSHR
,,,,,,TP53RK,ZCCHC24
,,,,,,GNB2,INPPL1
,,,,,,MCRIP2,CRYL1
,,,,,,ARNT2,KLHDC2
,,,,,,BANP,TTC8
,,,,,,NIPAL4,TMEM63C
,,,,,,MUCL1,ZNF503
,,,,,,MRPL52,ENOX2
,,,,,,SMPDL3A,PMPCA
,,,,,,CCL19,ENTR1
,,,,,,RAB43,SPACA9
,,,,,,SNX32,STK32C
,,,,,,RPL38,METTL17
,,,,,,CYP7B1,ARHGEF40
,,,,,,MYEOV,ZNF219
,,,,,,MYD88,IFI27L1
,,,,,,KDM2A,PTER
,,,,,,GLRX,SMCO4
,,,,,,IQCB1,CEP295
,,,,,,SLC2A14,CEP57
,,,,,,PPP1R3B,TCP11L2
,,,,,,INSM1,ZFYVE19
,,,,,,EHBP1L1,SPINT1
,,,,,,ZNRD2,BTRC
,,,,,,TNFRSF10D,FAM227B
,,,,,,GMPPB,STXBP4
,,,,,,NABP1,ANAPC16
,,,,,,RCE1,NUDT13
,,,,,,EIF1AX,C11orf65
,,,,,,C1orf100,TRIM44
,,,,,,AGFG1,USP54
,,,,,,C1QTNF1,RAG1
,,,,,,RBM4,IFTAP
,,,,,,GNG5,GARRE1
,,,,,,TLR1,ZMAT1
,,,,,,RGMB,XRRA1
,,,,,,TRMT10C,DENND2B
,,,,,,PITPNA,AKIP1
,,,,,,DDX23,BEAN1
,,,,,,ZNF80,TK2
,,,,,,ZWILCH,IQCD
,,,,,,RPL4,ZNF606
,,,,,,IL20RB,MARF1
,,,,,,AKIRIN1,FAM111A
,,,,,,TMEM167A,LDHD
,,,,,,SH3PXD2B,PLIN1
,,,,,,HRAS,GLYATL1
,,,,,,SRP72,NAB2
,,,,,,ADGRE1,VPS39
,,,,,,PDE12,STAT6
,,,,,,RAB1B,ELFN2
,,,,,,AMZ1,MRPL16
,,,,,,KLC2,MTMR10
,,,,,,CHST2,TSC22D4
,,,,,,GK5,DIS3L
,,,,,,ZNF654,CCNDBP1
,,,,,,MRPS22,RCCD1
,,,,,,MARCKSL1,MAPRE2
,,,,,,PSMD2,MBD6
,,,,,,CSRP2,GNGT2
,,,,,,DCTN2,ACSF2
,,,,,,ZNF408,COQ4
,,,,,,PTPN2,PRR15L
,,,,,,CLTB,GPRC5B
,,,,,,LONRF3,KATNAL2
,,,,,,RAB6A,DPEP2
,,,,,,P2RY2,MYO5B
,,,,,,TOMM5,ACAA2
,,,,,,TUBB6,TRIM68
,,,,,,B3GALT6,FN3K
,,,,,,SLC35A4,ZNF226
,,,,,,HSF5,PPP2R3B
,,,,,,SPHK1,KLHL26
,,,,,,BNIP3,TRAPPC2L
,,,,,,ENTHD1,PROCA1
,,,,,,CDC26,TUBA1A
,,,,,,USF3,ZNF610
,,,,,,LMNB2,ZNF528
,,,,,,METRNL,TTYH1
,,,,,,SEC24C,TRAPPC9
,,,,,,SIX5,ZNF444
,,,,,,ZDHHC13,SERPINF2
,,,,,,RHOG,ZNF83
,,,,,,FAM210A,OTUB1
,,,,,,TALDO1,CD300A
,,,,,,ZBTB38,GSDMA
,,,,,,HIC1,GHDC
,,,,,,TGIF1,FAM234A
,,,,,,NAP1L5,MLST8
,,,,,,CAVIN1,RAB3IL1
,,,,,,ARIH2,BSCL2
,,,,,,RABEP2,ATG16L2
,,,,,,RPLP2,C2CD3
,,,,,,AGTRAP,TRANK1
,,,,,,FLII,CCDC88B
,,,,,,HNRNPA0,RAB4A
,,,,,,YIPF7,H3-4
,,,,,,BET1L,LMBRD1
,,,,,,C2orf69,NT5DC2
,,,,,,DDX10,SMIM4
,,,,,,ZFAND2A,MMADHC
,,,,,,EPM2AIP1,PCMTD1
,,,,,,GPR35,KCTD6
,,,,,,GRINA,CX3CR1
,,,,,,THBD,DEGS2
,,,,,,GP5,KLHL30
,,,,,,ZHX2,REEP4
,,,,,,EXOSC4,HEXIM2
,,,,,,MRFAP1,TMUB2
,,,,,,PER1,ZSWIM1
,,,,,,HES7,AXIN2
,,,,,,SPTY2D1,LDLRAD4
,,,,,,SAMD4B,CNNM3
,,,,,,RAD23A,GSTM4
,,,,,,GADD45GIP1,TSPAN5
,,,,,,PTPN11,SNTB2
,,,,,,GATA2,C2orf68
,,,,,,ARID3B,TMEM150A
,,,,,,EGR3,MAT2A
,,,,,,VWA1,INPP5D
,,,,,,FJX1,CEP120
,,,,,,GCC1,LGALS9
,,,,,,MYADM,COMMD8
,,,,,,PUF60,NSMCE1
,,,,,,SOCS4,THBS3
,,,,,,TMEM150B,ZRSR2
,,,,,,ZNRF2,ADRB2
,,,,,,PAK2,B3GALNT1
,,,,,,KCNE1,PGM2
,,,,,,NRIP1,RNASE6
,,,,,,SSTR2,CD52
,,,,,,YOD1,PLEKHA2
,,,,,,TMEM64,METTL15
,,,,,,S1PR5,DTWD2
,,,,,,GPR157,NFU1
,,,,,,PPA1,ANTXR1
,,,,,,SSR4,HEXD
,,,,,,MRPL14,DRD5
,,,,,,AEN,BUB1
,,,,,,HIGD1A,ASPSCR1
,,,,,,NPM1,NLGN1
,,,,,,H2AC25,BTD
,,,,,,CCL13,REPS2
,,,,,,ZBTB2,KLF13
,,,,,,PHLDA2,MAP3K2
,,,,,,GPR3,TIGD4
,,,,,,RNF41,TMEM154
,,,,,,C5orf24,UBE2E3
,,,,,,COA4,ZNF212
,,,,,,SNRPE,FAM161A
,,,,,,TMEM259,CRTAP
,,,,,,C8orf33,GABARAP
,,,,,,SPACA6,STX8
,,,,,,KPNA2,B3GNT2
,,,,,,RWDD4,TMED10
,,,,,,PLCB1,SLC30A1
,,,,,,MAFA,GPRC5C
,,,,,,RPS17,TMEM182
,,,,,,ACBD3,NFXL1
,,,,,,HAPSTR1,DENND5B
,,,,,,RPL35A,DNAJC18
,,,,,,HMGN4,ARMC10
,,,,,,SPATA13,ATF7
,,,,,,ZNF662,SOCS6
,,,,,,MCEMP1,POLH
,,,,,,SLC8A1,PPM1D
,,,,,,GJD3,MTSS1
,,,,,,GABRR3,CYTL1
,,,,,,SF3A3,PAQR8
,,,,,,UTP11,TANC2
,,,,,,PSMG1,ZNF415
,,,,,,ALYREF,DCDC1
,,,,,,EFHC2,XKR6
,,,,,,UPP1,TSNARE1
,,,,,,LHFPL6,ALK
,,,,,,CBX6,MTM1
,,,,,,MACC1,INSR
,,,,,,PTP4A2,PRKCE
,,,,,,ACTG1,TMEM126B
,,,,,,CMSS1,TMEM37
,,,,,,TM2D3,ZNF581
,,,,,,TSSC4,MCC
,,,,,,CSF1,ZBTB26
,,,,,,PLA2G6,ETFDH
,,,,,,PTP4A3,CLSTN1
,,,,,,NELL2,PIK3CD
,,,,,,SEPTIN9,PTCRA
,,,,,,UBE2G2,ENC1
,,,,,,PRR16,BPTF
,,,,,,FMNL1,S100Z
,,,,,,NOC4L,ZIK1
,,,,,,MAFF,GPR82
,,,,,,SEMA4B,ATF7IP
,,,,,,SLC24A3,GPHN
,,,,,,MANEAL,TMEM51
,,,,,,HSF1,GATM
,,,,,,PRSS57,RASGRP4
,,,,,,IL3RA,METTL18
,,,,,,RGPD2,ZNF540
,,,,,,MAPK11,FBXL14
,,,,,,MUC1,NINJ2
,,,,,,PCGF3,MLLT3
,,,,,,PSMD13,TRAPPC12
,,,,,,DRG1,TLN2
,,,,,,DMWD,ZNF217
,,,,,,SLC52A2,PPIH
,,,,,,FFAR3,SHLD1
,,,,,,ZNF529,USP19
,,,,,,GSAP,QARS1
,,,,,,ZNRF1,KRCC1
,,,,,,PRELID2,SLFN12
,,,,,,ANKRD37,FRMD3
,,,,,,CD300E,TEFM
,,,,,,FCAR,C1QTNF4
,,,,,,RPS23,HINFP
,,,,,,TMEM222,SUCLG2
,,,,,,SEPTIN10,ABCG4
,,,,,,UBE2H,CFAP53
,,,,,,PRG2,C2CD2L
,,,,,,C17orf58,TCEAL1
,,,,,,LILRB4,MANEA
,,,,,,TNFRSF4,AFF1
,,,,,,TNFRSF18,PPP1CA
,,,,,,GPR141,PDE3A
,,,,,,TMEM216,CHCHD1
,,,,,,LILRA5,OR10AD1
,,,,,,MT1X,WASHC2C
,,,,,,PLEKHN1,TMEM134
,,,,,,SECISBP2,ZMAT3
,,,,,,TUBB4B,SLFN11
,,,,,,GTF2F2,CORO1B
,,,,,,LCTL,TMCC1
,,,,,,FAM83G,NAA16
,,,,,,PARVB,EFCAB12
,,,,,,SLC4A5,PSME3IP1
,,,,,,RPL14,CES4A
,,,,,,BEND4,SSH3
,,,,,,ASTL,SP3
,,,,,,FAM120AOS,NBEA
,,,,,,NOC2L,DCAKD
,,,,,,ZNF292,ZNF680
,,,,,,LITAF,HECTD4
,,,,,,SP6,BNC2
,,,,,,MAOA,COQ2
,,,,,,RRP7A,ADCK5
,,,,,,IL1RAP,CYSLTR1
,,,,,,AKR1C3,PARP15
,,,,,,SEMA4A,VANGL1
,,,,,,TUBB,GOLGB1
,,,,,,SUPT5H,MZT2A
,,,,,,POM121,ZNF449
,,,,,,GIMAP5,NAA20
,,,,,,WDR5,RNF26
,,,,,,PTPN1,ZNF417
,,,,,,THEM5,VEGFB
,,,,,,XRCC6,XCR1
,,,,,,SULF2,CCDC106
,,,,,,HDAC2,PC
,,,,,,MMP1,SCAI
,,,,,,TRAPPC4,NMNAT1
,,,,,,HLA-DQA1,JUP
,,,,,,CD47,ENDOV
,,,,,,TLE1,PHOSPHO1
,,,,,,ILRUN,PHC3
,,,,,,ADA,GPR160
,,,,,,H2BC26,GOLIM4
,,,,,,FLNA,RBM4B
,,,,,,TMEM26,SLCO4C1
,,,,,,FUT11,XXYLT1
,,,,,,ZNF470,CCS
,,,,,,EOLA2,MGA
,,,,,,MAFG,PRPF8
,,,,,,ZGPAT,SLC16A13
,,,,,,SLC22A4,C12orf76
,,,,,,SERPINA1,GALNTL6
,,,,,,SVIL,GCSAM
,,,,,,ZNF655,ANKRD36C
,,,,,,C5AR1,IQCK
,,,,,,HNRNPAB,RESF1
,,,,,,PDGFA,NR1D2
,,,,,,ELANE,RIN1
,,,,,,FAR1,RSRC1
,,,,,,PDCD1LG2,ZDHHC14
,,,,,,ZNF460,TVP23C
,,,,,,S100A10,PACS1
,,,,,,RPL37A,SH3BP5L
,,,,,,EME2,YPEL2
,,,,,,TAF13,PARL
,,,,,,MYO1C,PCCA
,,,,,,TEAD4,CTDSP2
,,,,,,ERO1A,ARHGAP1
,,,,,,S100A6,ATG13
,,,,,,RPL12,C1orf127
,,,,,,MPZL1,EIF3F
,,,,,,C1orf122,PCSK1
,,,,,,ENTPD7,CCDC14
,,,,,,ZNF335,KCNE3
,,,,,,MAK16,CABP4
,,,,,,SIRPA,ALG10B
,,,,,,SOWAHC,UCP3
,,,,,,TFDP1,UCP2
,,,,,,CSF2RA,C11orf68
,,,,,,RPL23A,RPS6KB2
,,,,,,SDAD1,TOM1L2
,,,,,,ASPH,ETV4
,,,,,,SPRED2,BAIAP2
,,,,,,NTRK1,DOK7
,,,,,,MT1F,NUPR1
,,,,,,TXNRD1,GPX2
,,,,,,YTHDF2,ATAD5
,,,,,,TMA16,SMIM19
,,,,,,DDX39B,ZNF404
,,,,,,ARC,RTTN
,,,,,,COPS8,TAC4
,,,,,,KLHL9,ZNF575
,,,,,,CALM1,DIRAS1
,,,,,,PAPSS2,GNG7
,,,,,,DLL1,RMDN1
,,,,,,SLC5A3,ACSF3
,,,,,,CDC42BPB,ZNF843
,,,,,,RPL10A,CDK5R1
,,,,,,ZNF830,VSIG10
,,,,,,PNP,TCEANC
,,,,,,GK,MAMSTR
,,,,,,KTI12,SHMT1
,,,,,,SELENOT,MTHFR
,,,,,,RUSC2,TMEM80
,,,,,,R3HDM4,SLC38A9
,,,,,,TYW1,ZBTB34
,,,,,,RPL39,ULK1
,,,,,,CCDC167,MAN1B1
,,,,,,SMG5,TOP3A
,,,,,,INF2,PPFIA3
,,,,,,CHML,NR2C2
,,,,,,LIPN,ZBTB33
,,,,,,RUFY2,PGBD5
,,,,,,ASAH2B,GBA1
,,,,,,MACO1,ACAD9
,,,,,,ZDBF2,TMEM94
,,,,,,HLA-DRA,SOX12
,,,,,,NELFE,CHID1
,,,,,,CSNK2B,ZNF518A
,,,,,,PRRC2A,TMEM187
,,,,,,DHX16,ZNF354C
,,,,,,LILRB3,ASB8
,,,,,,DDR1,GPR150
,,,,,,PPP1R11,DMAP1
,,,,,,RACK1,ALS2CL
,,,,,,AKT1S1,LCORL
,,,,,,E2F4,ZC3H12D
,,,,,,IPO7,RNF212
,,,,,,MT1A,NT5DC1
,,,,,,EXOC3L4,KLHL11
,,,,,,CCDC85C,CD28
,,,,,,C2CD4B,CTNNBIP1
,,,,,,CPT1B,KCTD12
,,,,,,C17orf107,GDPD4
,,,,,,CRLF2,EFCAB13
,,,,,,RIMOC1,DPY19L3
,,,,,,CYS1,ZNF552
,,,,,,CLEC6A,CTC1
,,,,,,ZNF316,TMEM107
,,,,,,RNPS1,IGSF22
,,,,,,JPT2,GIMAP7
,,,,,,METTL6,TCAIM
,,,,,,CFAP45,MAGED1
,,,,,,SRA1,GVQW3
,,,,,,VDAC1,PACS2
,,,,,,TMX2,ZBTB18
,,,,,,PPP1CB,LBX2
,,,,,,S1PR3,SLITRK4
,,,,,,CLIC1,ALOX15B
,,,,,,RPS29,ZBTB42
,,,,,,ITGA1,MAF1
,,,,,,PPME1,WDR97
,,,,,,STARD10,RNF227
,,,,,,IFRD2,PDXDC1
,,,,,,TMEM167B,R3HDM2
,,,,,,IGSF23,C14orf119
,,,,,,FNIP1,BBS10
,,,,,,RNASEK,PTGR3
,,,,,,TRIM16,EXOC3
,,,,,,FADS3,LYNX1
,,,,,,EXOSC6,ZNF816
,,,,,,NOL7,FGD6
,,,,,,WDR46,CCDC43
,,,,,,RPL41,FZD2
,,,,,,ORM1,ZNF609
,,,,,,HSBP1,MCFD2
,,,,,,RPS18,ARHGAP45
,,,,,,HLA-DQA2,FUT7
,,,,,,NME1,H2AC6
,,,,,,GET4,SKIDA1
,,,,,,PEDS1,H2BC4
,,,,,,RPL36A,SLC47A2
,,,,,,PISD,C3orf22
,,,,,,MTFP1,CHST13
,,,,,,EIF6,ZFP3
,,,,,,MRPL20,CAPS2
,,,,,,AP5Z1,CUEDC1
,,,,,,MICAL3,KCTD2
,,,,,,STMP1,CMTR2
,,,,,,UPK3B,ZNF572
,,,,,,IL10RB,BBS12
,,,,,,TTC4,ZFP82
,,,,,,MRPS6,TRAPPC5
,,,,,,TMEM199,SLC26A11
,,,,,,ETV5,OR52N4
,,,,,,RBM12,DHTKD1
,,,,,,ATP5MGL,ZNF467
,,,,,,,ZNF678
,,,,,,TMEM158,RNF135
,,,,,,YJEFN3,ACBD4
,,,,,,MSANTD3-TMEFF1,FANCB
,,,,,,ETV3L,TMIE
,,,,,,PINX1,P2RY13
,,,,,,SIGLEC14,ZNF875
,,,,,,AP5B1,ZBTB20
,,,,,,,SLC9A9
,,,,,,CHMP1B,RFX7
,,,,,,NPIPB8,CLDN7
,,,,,,SMIM3,ZNF329
,,,,,,ZBED6,CCDC149
,,,,,,MGAM,IDH2
,,,,,,GALNT4,DEXI
,,,,,,CLEC5A,TDRKH
,,,,,,C17orf49,CREB3L2
,,,,,,RTEL1,P2RY8
,,,,,,PDF,UBA7
,,,,,,BCL2L2-PABPN1,RAD51B
,,,,,,,KBTBD3
,,,,,,,YBEY
,,,,,,TUBB3,CACNB4
,,,,,,ITGB3,FAM104B
,,,,,,SLC22A31,TRAK1
,,,,,,EPPK1,SKA2
,,,,,,CLEC19A,TTC3
,,,,,,BOP1,BRICD5
,,,,,,IKBKE,HOXB4
,,,,,,TIMM23,PAQR7
,,,,,,SEC22B,ZNF721
,,,,,,SIGLEC5,CEP63
,,,,,,IKBKG,ZNF320
,,,,,,NBPF9,AP2A2
,,,,,,EGLN2,ABAT
,,,,,,NBPF8,SLC25A10
,,,,,,NBPF19,CAMK1D
,,,,,,POM121C,LYSMD4
,,,,,,CCL23,WBP2NL
,,,,,,CCL18,AFMID
,,,,,,AATF,NEB
,,,,,,ARHGAP23,CSMD1
,,,,,,ORAI1,CEP57L1
,,,,,,PIGW,PLGLB1
,,,,,,GPIHBP1,BCOR
,,,,,,PSMB3,FHL3
,,,,,,SENP3-EIF4A1,LRIT3
,,,,,,DDX52,ACSM5
,,,,,,MYO19,TRIM52
,,,,,,GGNBP2,CHEK2
,,,,,,SCO2,ZNF703
,,,,,,CD300H,RBM12B
,,,,,,,SDR42E2
,,,,,,,PRKX
,,,,,,,VPS33B
,,,,,,NOTCH2NLC,ADAP2
,,,,,,,H2AC20
,,,,,,,KCNK12
,,,,,,,H2AC21
,,,,,,,CCSER1
,,,,,,,MROH7
,,,,,,,TOP1MT
,,,,,,,WDR27
,,,,,,,TXNRD2
,,,,,,,LPAR5
,,,,,,,TAFA3
,,,,,,,ZBTB40
,,,,,,,OSBP2
,,,,,,,ARMCX2
,,,,,,,H1-10
,,,,,,,ZFP90
,,,,,,,AQP12A
,,,,,,,FAM227A
,,,,,,,BRI3BP
,,,,,,,AP3M1
,,,,,,,F8
,,,,,,,FAF1
,,,,,,,MFSD6L
,,,,,,,LRRC37B
,,,,,,,AQP12B
,,,,,,,RAB11B
,,,,,,,KIAA0825
,,,,,,,TNFAIP8L1
,,,,,,,SMYD3
,,,,,,,METTL7A
,,,,,,,FAM174B
,,,,,,,GPRIN3
,,,,,,,STAC3
,,,,,,,SV2B
,,,,,,,PBX1
,,,,,,,BRWD1
,,,,,,,POU3F1
,,,,,,,C11orf87
,,,,,,,IKZF1
,,,,,,,PCYT2
,,,,,,,NAT8L
,,,,,,,KLHL34
,,,,,,,RNPC3
,,,,,,,TMLHE
,,,,,,,CYP2R1
,,,,,,,ANKRD46
,,,,,,,MTARC1
,,,,,,,MRTFB
,,,,,,,RXRA
,,,,,,,GOLGA8R
,,,,,,,CCDC30
,,,,,,,ZNF197
,,,,,,,BTN3A2
,,,,,,,SMIM29
,,,,,,,KIF24
,,,,,,,TPCN1
,,,,,,,PDZD7
,,,,,,,ZNF395
,,,,,,,PPARA
,,,,,,,PLCD1
,,,,,,,HEATR4
,,,,,,,CMC1
,,,,,,,SHTN1
,,,,,,,TSPYL4
,,,,,,,GCNT1
,,,,,,,DYNC2H1
,,,,,,,EPOR
,,,,,,,TLR5
,,,,,,,ZNF385C
,,,,,,,B3GLCT
,,,,,,,FANCM
,,,,,,,ZNF70
,,,,,,,ZFP69
,,,,,,,MORN2
,,,,,,,RILPL1
,,,,,,,GPR89B
,,,,,,,EYS
,,,,,,,MAPK12
,,,,,,,NUTM2G
,,,,,,,ZNF626
,,,,,,,ZC3H6
,,,,,,,LAMTOR4
,,,,,,,AGAP4
,,,,,,,COMMD6
,,,,,,,PEAK3
,,,,,,,CENPP
,,,,,,,CIBAR1
,,,,,,,FOCAD
,,,,,,,CERKL
,,,,,,,C19orf54
,,,,,,,RALGAPA2
,,,,,,,CLN3
,,,,,,,DPYD
,,,,,,,CC2D2B
,,,,,,,NOXA1
,,,,,,,NHLRC3
,,,,,,,FBF1
,,,,,,,HACD4
,,,,,,,MSANTD1
,,,,,,,CLDN4
,,,,,,,BTBD8
,,,,,,,C15orf61
,,,,,,,TSPYL1
,,,,,,,FHIT
,,,,,,,ALKAL2
,,,,,,,LIN54
,,,,,,,SLC35E2B
,,,,,,,HMGB1
,,,,,,,ZNF79
,,,,,,,ZNF681
,,,,,,,MPHOSPH8
,,,,,,,GREB1
,,,,,,,SIRPB2
,,,,,,,ZNF766
,,,,,,,SRGAP3
,,,,,,,XPNPEP3
,,,,,,,OR2C3
,,,,,,,ZNF493
,,,,,,,SUPT3H
,,,,,,,ZKSCAN7
,,,,,,,ZNF774
,,,,,,,EVL
,,,,,,,EPHB4
,,,,,,,PPP1R26
,,,,,,,ZNF569
,,,,,,,ARMCX4
,,,,,,,PIK3R4
,,,,,,,ZNF605
,,,,,,,MYL6B
,,,,,,,ZNF799
,,,,,,,C20orf96
,,,,,,,ANAPC7
,,,,,,,MYO18A
,,,,,,,MAN2A2
,,,,,,,PLXNB2
,,,,,,,ZNF846
,,,,,,,RABL6
,,,,,,,ZNF502
,,,,,,,TLR7
,,,,,,,FAM180B
,,,,,,,ZFP62
,,,,,,,ERI2
,,,,,,,TRPV1
,,,,,,,ZNF33B
,,,,,,,AMZ2
,,,,,,,ZNF431
,,,,,,,H2AC13
,,,,,,,MAML3
,,,,,,,ZSCAN16
,,,,,,,CRACDL
,,,,,,,SLC39A10
,,,,,,,ZNF585A
,,,,,,,ANXA4
,,,,,,,ZNF441
,,,,,,,ZMYM1
,,,,,,,ZSCAN26
,,,,,,,KIAA1671
,,,,,,,GAL3ST4
,,,,,,,ZNF785
,,,,,,,NOL4L
,,,,,,,H4C11
,,,,,,,KANK2
,,,,,,,SLC22A5
,,,,,,,DACT3
,,,,,,,HTT
,,,,,,,GSTK1
,,,,,,,ZNF665
,,,,,,,FAM177B
,,,,,,,MIB2
,,,,,,,MYO5A
,,,,,,,ATG7
,,,,,,,RAB40C
,,,,,,,PIGN
,,,,,,,ENTPD6
,,,,,,,ZNF615
,,,,,,,ZNF433
,,,,,,,TXNRD3
,,,,,,,ZNF461
,,,,,,,CCDC180
,,,,,,,ZNF181
,,,,,,,KIF13B
,,,,,,,H2BC12
,,,,,,,ZNF823
,,,,,,,ZNF347
,,,,,,,DNM3
,,,,,,,PRIM1
,,,,,,,HIBCH
,,,,,,,HMGN5
,,,,,,,ZNF607
,,,,,,,HSD17B11
,,,,,,,HELZ
,,,,,,,TMEM116
,,,,,,,CARD11
,,,,,,,ZKSCAN8
,,,,,,,PHETA1
,,,,,,,WWP2
,,,,,,,OGA
,,,,,,,TCAF1
,,,,,,,ZNF568
,,,,,,,ZNF480
,,,,,,,ZNF808
,,,,,,,ZNF43
,,,,,,,ZNF28
,,,,,,,KCNRG
,,,,,,,ZNF789
,,,,,,,LRBA
,,,,,,,NCOA6
,,,,,,,C6orf89
,,,,,,,SKIC3
,,,,,,,ECI2
,,,,,,,UNC13B
,,,,,,,CTR9
,,,,,,,SMOC1
,,,,,,,MSRB1
,,,,,,,ZNF652
,,,,,,,GRIN3A
,,,,,,,SCAMP5
,,,,,,,ZNF358
,,,,,,,INPP5F
,,,,,,,ARHGAP11A
,,,,,,,TSEN15
,,,,,,,CCDC152
,,,,,,,SFMBT2
,,,,,,,ITPRIPL1
,,,,,,,PRMT6
,,,,,,,C1orf174
,,,,,,,KIAA0753
,,,,,,,ATG9A
,,,,,,,L3MBTL3
,,,,,,,DMD
,,,,,,,ARMCX6
,,,,,,,ZNF525
,,,,,,,EFCAB2
,,,,,,,C6orf163
,,,,,,,PCMTD2
,,,,,,,EFCAB7
,,,,,,,NHSL2
,,,,,,,RXRB
,,,,,,,PBX2
,,,,,,,AGER
,,,,,,,PJVK
,,,,,,,SKIC2
,,,,,,,ZBTB12
,,,,,,,MBD5
,,,,,,,ZNF551
,,,,,,,CCHCR1
,,,,,,,MROH6
,,,,,,,ATXN2
,,,,,,,PNMA8B
,,,,,,,TCTN1
,,,,,,,TRIQK
,,,,,,,TMEM170B
,,,,,,,SNX2
,,,,,,,NT5M
,,,,,,,DENND6B
,,,,,,,MFSD2B
,,,,,,,CDPF1
,,,,,,,DPF3
,,,,,,,MANSC4
,,,,,,,ETFRF1
,,,,,,,ITSN1
,,,,,,,DENND1C
,,,,,,,CRYZL1
,,,,,,,C16orf96
,,,,,,,NYNRIN
,,,,,,,DNAJC19
,,,,,,,COL6A6
,,,,,,,HACD2
,,,,,,,CFAP44
,,,,,,,ZCWPW2
,,,,,,,STK38L
,,,,,,,RNF208
,,,,,,,LCAT
,,,,,,,SIPA1
,,,,,,,C8orf82
,,,,,,,ATF6B
,,,,,,,SLC35F6
,,,,,,,DDAH2
,,,,,,,ZNF888
,,,,,,,ZNF845
,,,,,,,KLRK1
,,,,,,,GALT
,,,,,,,TAX1BP3
,,,,,,,ZNF90
,,,,,,,GANC
,,,,,,,TTLL3
,,,,,,,FBXO16
,,,,,,,FIS1
,,,,,,,HAUS3
,,,,,,,MS4A4E
,,,,,,,GRID2IP
,,,,,,,UBXN2B
,,,,,,,EFCAB8
,,,,,,,TTC34
,,,,,,,IFI30
,,,,,,,CKLF
,,,,,,,FAM228B
,,,,,,,LINGO3
,,,,,,,PPP3R1
,,,,,,,FANCG
,,,,,,,AP4M1
,,,,,,,ZBED8
,,,,,,,FAM200A
,,,,,,,ZNF630
,,,,,,,FAM185A
,,,,,,,VPS52
,,,,,,,FAM229A
,,,,,,,ERCC6
,,,,,,,FTCDNL1
,,,,,,,TEX22
,,,,,,,ZKSCAN8P1
,,,,,,,CROCC2
,,,,,,,HSBP1L1
,,,,,,,ERVMER34-1
,,,,,,,C14orf132
,,,,,,,PARG
,,,,,,,SCAMP4
,,,,,,,FNDC10
,,,,,,,ARL17B
,,,,,,,ZNF492
,,,,,,,ACBD6
,,,,,,,AJM1
,,,,,,,LYRM9
,,,,,,,GPX1
,,,,,,,ZSCAN31
,,,,,,,RAMACL
,,,,,,,NFAM1
,,,,,,,RGL2
,,,,,,,C2orf74
,,,,,,,OR2W3
,,,,,,,ASB14
,,,,,,,KLHL41
,,,,,,,STPG4
,,,,,,,TNFSF12
,,,,,,,LILRA4
,,,,,,,AMY2B
,,,,,,,CD302
,,,,,,,ARHGAP8
,,,,,,,C8orf58
,,,,,,,PI4KA
,,,,,,,AMACR
,,,,,,,C22orf39
,,,,,,,ARPIN
,,,,,,,RTL5
,,,,,,,ERVW-1
,,,,,,,ZNF512
,,,,,,,P2RY11
,,,,,,,TMEM141
,,,,,,,DBNDD2
,,,,,,,APOBEC3C
,,,,,,,FCGR2C
,,,,,,,N4BP2L2
,,,,,,,ZNF585B
,,,,,,,USP51
,,,,,,,
,,,,,,,NAIP
,,,,,,,GPR162
,,,,,,,GLI4
,,,,,,,SELENOP
,,,,,,,ZNF674
,,,,,,,ZNF345
,,,,,,,ZNF550
,,,,,,,TMEM200B
,,,,,,,PRSS51
,,,,,,,CLDN23
,,,,,,,ZNF260
,,,,,,,EID1
,,,,,,,KLRC4-KLRK1
,,,,,,,DNAAF4
,,,,,,,SMLR1
,,,,,,,ZNF10
,,,,,,,ZNF486
,,,,,,,C17orf100
,,,,,,,DENND11
,,,,,,,NHLRC4
,,,,,,,FNTB
,,,,,,,
,,,,,,,TRIM34
,,,,,,,CTXND1
,,,,,,,THTPA
,,,,,,,TGFBR3L
,,,,,,,C16orf95
,,,,,,,
,,,,,,,CCPG1
,,,,,,,GTF2I
,,,,,,,NBPF11
,,,,,,,
,,,,,,,TXNIP
,,,,,,,SRGAP2
,,,,,,,STRADA
,,,,,,,
,,,,,,,ZNF285
,,,,,,,ZNF224
,,,,,,,
,,,,,,,NBPF14
,,,,,,,NBPF10
,,,,,,,MROH7-TTC4
,,,,,,,
,,,,,,,NUDT3
,,,,,,,ZNF595
,,,,,,,H3-7
,,,,,,,H4C12
,,,,,,,CYFIP1
,,,,,,,H2BC8
,,,,,,,CASTOR2
,,,,,,,ZNF658
,,,,,,,SYNRG
,,,,,,,H4C13
,,,,,,,H3C11
,,,,,,,H3C1
,,,,,,,TUBGCP5
,,,,,,,PIK3R6
,,,,,,,RAB7B
,,,,,,,H4C5
,,,,,,,H2AC8
,,,,,,,H4C4
,,,,,,,CCDC92B
,,,,,,,H2BC7
,,,,,,,PKD1L3
,,,,,,,H2AC4
,,,,,,,H4C2
,,,,,,,H3C10
,,,,,,,TSTD3
,,,,,,,PAGR1
,,,,,,,ADORA3
,,,,,,,
,,,,,,,
,,,,,,,
,,,,,,,
